filename,source,semantic_score,max_similarity,avg_similarity
007b16cd618a4e1b0b9eaf4b288966f8.txt,linkedin_posts,54.070145,0.54070145,0.4353849
011795baacda8e586a4c1f916e5b29c5.txt,linkedin_posts,59.22486,0.5922486,0.3353185
016d23a32a0eef724351c69483ee2ccd.txt,linkedin_posts,32.50353,0.3250353,0.18162423
01e50e539c106c160a598f80086d5f44.txt,linkedin_posts,61.221878,0.6122188,0.3943134
02a40ec0d422defc097be73357996df9.txt,linkedin_posts,64.94444,0.64944446,0.4874496
02c5c467ccab66baf41577f0ade0f6f4.txt,linkedin_posts,45.460773,0.45460773,0.35021138
035e258f2bab9bccbe2824302d0a32b9.txt,linkedin_posts,33.62975,0.33629748,0.27362114
053e6eb198456819201b97b93d1d21f1.txt,linkedin_posts,52.73947,0.5273947,0.42410403
078914ca0bad39f883eb53fe048bd462.txt,linkedin_posts,48.48962,0.4848962,0.39385632
07a44be60be0c997665b8a7eb0e07282.txt,linkedin_posts,39.194744,0.39194745,0.2525439
07e07876d62c98948919a90d2874b250.txt,linkedin_posts,38.23245,0.3823245,0.29094464
08d3e9371b6e0ac65113894af790e7db.txt,linkedin_posts,47.50129,0.4750129,0.36968702
0a03edf5c9cfee1d84fa9bef146682d9.txt,linkedin_posts,48.887844,0.48887846,0.3749757
0a1a21356f234848813903bdb3f76c0f.txt,linkedin_posts,56.28949,0.5628949,0.4561016
0b0eeb75484c99397370fd2fc0a0a3cb.txt,linkedin_posts,46.259773,0.46259773,0.3108502
0bb7880e9594c45a0d9afe8f1b4c87a6.txt,linkedin_posts,45.809772,0.45809773,0.33735564
0be50495d2543eebf0a55572214e8df9.txt,linkedin_posts,60.951275,0.60951275,0.48031622
0c335a2a1e9ede381b65cd483e54c5d6.txt,linkedin_posts,56.346928,0.5634693,0.4270379
0dfcbd3e9cdf15b7ec88867ee03e45c8.txt,linkedin_posts,43.1021,0.431021,0.32916945
0e578140909cbf24fd82f1fa6b28316e.txt,linkedin_posts,52.16496,0.5216496,0.33971143
0ea073361597e752f0c82680abc72cd9.txt,linkedin_posts,58.26286,0.5826286,0.38972145
0f626f15e7eef56a43f2cd869830b6e7.txt,linkedin_posts,62.516487,0.62516487,0.4835588
0f8ff5c9e5d1c9378aaca4088e681a52.txt,linkedin_posts,60.678715,0.60678715,0.40842494
0f9a525680888e4dedf2c412ba4a6757.txt,linkedin_posts,49.566795,0.49566796,0.30942902
10aacf6fa85ed6e1e9d3505e220be16a.txt,linkedin_posts,31.900034,0.31900033,0.16763349
11530ef7603e3145792d9ee22ad53e97.txt,linkedin_posts,32.93866,0.3293866,0.1804744
116c86e6c8fe946944dbfe0cb5c46fa3.txt,linkedin_posts,38.08509,0.3808509,0.25035995
11bb73f9820e02a7c91d6f79dad3ab51.txt,linkedin_posts,57.148434,0.5714843,0.37285963
11e3aa2f9ee12950f821b53d08490065.txt,linkedin_posts,41.105167,0.41105166,0.29961425
123132f6d60f6c4a2252ccd1c0a739a0.txt,linkedin_posts,45.909172,0.45909172,0.38559833
137a59b48d19bd266250c72f82b611d0.txt,linkedin_posts,64.879814,0.64879817,0.41291362
13d3993480078a98e255208410b8cc5d.txt,linkedin_posts,60.178013,0.6017801,0.429664
14d089bccc519b267f5ddce2fe782239.txt,linkedin_posts,43.436108,0.43436107,0.3718019
168b7400fbca1c73441ca27d4ea7e34e.txt,linkedin_posts,49.91847,0.4991847,0.36590475
17a75e12c1a232be88255e3508a9752f.txt,linkedin_posts,58.01349,0.58013487,0.43239355
185acdb34c779df53eccf1e803fb0542.txt,linkedin_posts,37.19847,0.37198472,0.22801009
1a64cfc72e53689b2a8679569d3065f3.txt,linkedin_posts,35.104378,0.3510438,0.25890273
1ac24ef3320b5ff9040b59a8bd7d2a8b.txt,linkedin_posts,35.282356,0.35282356,0.21181586
1b95e78ed8a21c3ea6ebb99233b2154a.txt,linkedin_posts,61.467808,0.6146781,0.37918442
1d4b486ca37074a6f9ec13201ff6c911.txt,linkedin_posts,53.896557,0.5389656,0.4015897
1e9e3b2edbd2fe53a680aea7fc4e8bd2.txt,linkedin_posts,45.710403,0.45710403,0.3702242
20eb4c0e481e1b0938f736080fd9ed90.txt,linkedin_posts,49.258682,0.49258682,0.31105378
214e3efd8f32ac2388118a07c4c7b9ce.txt,linkedin_posts,58.069492,0.5806949,0.38304293
218ca446bef81f4184761cecee7c9373.txt,linkedin_posts,43.90158,0.4390158,0.3800277
21951fcd62ee3c04d8078cda65ad05e0.txt,linkedin_posts,44.08739,0.44087392,0.32818282
2539406e10744f2aee4aa82abb3e5c23.txt,linkedin_posts,50.585968,0.5058597,0.36516488
25916810e8d7565f8c934256bb28e2f1.txt,linkedin_posts,51.039524,0.5103952,0.38460252
275213c7ad47e8405e795acb461c9172.txt,linkedin_posts,44.23811,0.44238108,0.2751598
2809e44f3cc66297102227c08d74befe.txt,linkedin_posts,62.311577,0.6231158,0.4868599
284f460d505e04eb2f910cd991e18823.txt,linkedin_posts,54.290604,0.54290605,0.39571545
28fa20fe18cf992ca6d989c7b9855709.txt,linkedin_posts,42.041298,0.420413,0.30079347
29b89aa44a1624af6ed813fe21f0a9f6.txt,linkedin_posts,64.609055,0.64609057,0.5031706
2b0f2c38a0ad4b10e38481723770f89a.txt,linkedin_posts,51.681625,0.51681626,0.35972136
2b61c1892476d4e2789790d03718d246.txt,linkedin_posts,41.404762,0.41404763,0.3084333
2bcc30502b42f2888d4a8c173a06fbde.txt,linkedin_posts,38.701603,0.38701603,0.24788733
2c483bf4631cc5d29d66bce865f8ba70.txt,linkedin_posts,38.05269,0.3805269,0.22244683
2d314d455a62d17fad9e8a84dc78bcc7.txt,linkedin_posts,45.8105,0.458105,0.3411948
2d3804a9485c5a9b60f0f9bb95d7a32b.txt,linkedin_posts,34.10735,0.34107348,0.24902162
2d3d151c7006989b3a211fe5a6877582.txt,linkedin_posts,48.069393,0.48069394,0.41145292
2d7537b953ea74e8f091e1e4ccc86bf5.txt,linkedin_posts,42.884933,0.42884934,0.35411897
30eb4c6eed5694df2bf6ede7b5316550.txt,linkedin_posts,37.05358,0.37053582,0.22852513
31c1ad757f8ed0640b4bcc1c1038116d.txt,linkedin_posts,63.465927,0.6346593,0.4508779
31c5e8464f5ba41402a1f3f8ef20b2d6.txt,linkedin_posts,55.92449,0.55924493,0.4387855
32013230d535081422353d0061a90530.txt,linkedin_posts,46.928448,0.46928447,0.33505496
32902304c81e1265b2c34b50e929abba.txt,linkedin_posts,56.592567,0.56592566,0.43701044
32aecc3380337b52e758bfdea549477c.txt,linkedin_posts,55.30757,0.55307573,0.37452298
334ae44c6285b8ebe8df2327a4e0d3fc.txt,linkedin_posts,57.506435,0.57506436,0.41649127
33ac6881d5f2f993a971794f9d116a4c.txt,linkedin_posts,34.575073,0.34575072,0.2690013
33b22e84503f85a5788c8666d39abf83.txt,linkedin_posts,30.174532,0.30174533,0.15462558
33ff8bd44c50302e1f44ba78af715cb3.txt,linkedin_posts,34.954994,0.34954995,0.17837355
35c60251ab228193dbff6aaae87e638a.txt,linkedin_posts,32.604935,0.32604933,0.22002499
369cb7f37327b160be0799b5dc241f27.txt,linkedin_posts,45.72508,0.45725077,0.35930705
36a7ca2470443318bcbd19ac8e94f925.txt,linkedin_posts,49.27047,0.4927047,0.32166725
374e1f50d736014ee1a9176db357c264.txt,linkedin_posts,38.709682,0.38709682,0.30404517
38d544d70b80039ab74eb26b06d62219.txt,linkedin_posts,50.44736,0.5044736,0.39326775
390ca9f43f3c28e9acb1fd87fdfd2831.txt,linkedin_posts,41.849735,0.41849735,0.33612537
3b3d2ecffd02818509da9ce03cb6c85b.txt,linkedin_posts,30.301607,0.30301607,0.18752787
3b7076c2a5322e788609c29e9f6cbcd1.txt,linkedin_posts,38.459835,0.38459834,0.24439327
3c87f063f8e9dda4e20de2c79ae736c7.txt,linkedin_posts,74.59207,0.7459207,0.47560033
3c8abbb7a4339594fde2e98ba425e6da.txt,linkedin_posts,70.577065,0.7057707,0.509801
3ca225ef4d4af995ace34101fd3d3e56.txt,linkedin_posts,49.331753,0.4933175,0.40520996
3cb99033f35276df8c1a550d122e01c5.txt,linkedin_posts,39.446392,0.39446393,0.23938076
3ccbb54de275536308e848393f7e0680.txt,linkedin_posts,49.79761,0.49797612,0.36950812
3d2c1e7f2b9a2a804eecafeca7305186.txt,linkedin_posts,51.787155,0.51787156,0.40945706
3dfd6d2ed1c7e1a3c7473b2390940903.txt,linkedin_posts,52.618103,0.52618104,0.390546
3e6c94b7087b9b557de36ea211840405.txt,linkedin_posts,52.057552,0.5205755,0.40400285
41004e6364426158b78af2395e63cb0a.txt,linkedin_posts,68.27469,0.6827469,0.5074066
4101eaae35c245912a5364f30b619d18.txt,linkedin_posts,49.857765,0.49857765,0.44854522
41519f91de7be1370e6a74769f71fd6c.txt,linkedin_posts,43.79287,0.4379287,0.31450868
41e23d3f4597f28872a73e0a090e6590.txt,linkedin_posts,35.914795,0.35914794,0.19854912
4209c12c76e54a587cccac3856de84ff.txt,linkedin_posts,49.06617,0.49066168,0.3646142
42fbbaeb9d28e7a34e97cf0f14ce9dcf.txt,linkedin_posts,52.85584,0.5285584,0.41822705
441be9916ded7ef4bff38193aed4bffd.txt,linkedin_posts,43.481724,0.43481722,0.3074403
44b261eb80607a258ea0ecce4700d5f8.txt,linkedin_posts,36.46878,0.3646878,0.29162192
459ed918a79d9ab7e789caceaa1cb3ee.txt,linkedin_posts,50.719105,0.50719106,0.36349097
46a0d1ff1e69ac9d665c94bf43677f23.txt,linkedin_posts,41.114838,0.41114837,0.26740286
474ea51aa1945b0c227841a938b45c2b.txt,linkedin_posts,30.422916,0.30422917,0.15286046
47d55b2c51e3d9ca549d68aa8a0d4279.txt,linkedin_posts,45.910904,0.45910904,0.35945764
4862bc18a2e7f9e4f38367dd5097aeca.txt,linkedin_posts,54.864822,0.54864824,0.3668633
496dc6a49d6d3a3f0d5da078b5bc1f4e.txt,linkedin_posts,55.666073,0.5566607,0.33715695
4985f6752cf19473f1e603fabe0c7261.txt,linkedin_posts,62.08064,0.6208064,0.44743985
499029f65098f440e725dd426b6153bf.txt,linkedin_posts,49.543182,0.4954318,0.42783952
4a119418b79a385d8c6e78974d8fb805.txt,linkedin_posts,43.076923,0.43076923,0.29899755
4b1300271aafd0fe363765ff5919bce9.txt,linkedin_posts,40.456562,0.4045656,0.3324455
4b339b113618538cb43be248d51ac877.txt,linkedin_posts,51.950203,0.51950204,0.35599783
4bdd6e936d9e763df7783c6f4abe40e9.txt,linkedin_posts,31.9092,0.319092,0.21926782
4c1bd10a7ec6f07407c3236e30b4d213.txt,linkedin_posts,34.1305,0.34130502,0.2700636
4c21104e96dd601684f94db1a37baf75.txt,linkedin_posts,44.82018,0.4482018,0.32287028
4c4eaf95685b02771b025a58d5da1dbe.txt,linkedin_posts,61.277138,0.6127714,0.4117546
4ca4c56662ac165ffe32f0cd998174af.txt,linkedin_posts,31.684557,0.31684557,0.16904002
50c31eda8bdfebe160c24c99b7a7c62e.txt,linkedin_posts,53.347015,0.53347015,0.45285788
5142d695a5dfc6b917f478ed3a92140a.txt,linkedin_posts,62.238457,0.62238455,0.45773283
5195b9c9987f1afd574967aa67eca245.txt,linkedin_posts,63.354607,0.63354605,0.49096006
522188a68cdde8abc5320b4fd91791c0.txt,linkedin_posts,58.147736,0.58147734,0.47422203
5269b8a8e6286476b9281914867fe29a.txt,linkedin_posts,35.843056,0.35843056,0.2138488
52b1db2800db819e765b310939fce33e.txt,linkedin_posts,42.00173,0.42001733,0.33814257
531db72ec7251be77d3cf0e9422d3af0.txt,linkedin_posts,63.735302,0.637353,0.54852444
53534cc9b9fca4da4f7782f2b6ab7f0b.txt,linkedin_posts,51.97664,0.5197664,0.42909226
53e3709e0aa9a4ac3d80ed820e69ba2e.txt,linkedin_posts,63.242973,0.6324297,0.45434517
547f1a8600a5249c910523df89d927ee.txt,linkedin_posts,45.854176,0.45854175,0.343565
56203993cd555738c5e9a31009673d1f.txt,linkedin_posts,45.203857,0.45203856,0.3746706
566bf750d88f936878801dd3f2c69327.txt,linkedin_posts,46.27866,0.4627866,0.34623337
57248fb2ac11847438d6661b75d2384c.txt,linkedin_posts,38.520355,0.38520354,0.22944537
594dbc9fde1c51dfa685ae86aced43a1.txt,linkedin_posts,56.105667,0.5610567,0.3315352
5a1de90b57afc060107facbec21196f5.txt,linkedin_posts,51.32456,0.5132456,0.39943904
5beaf8d29f8b21e3ff22f4ec19e5ded5.txt,linkedin_posts,34.973778,0.34973776,0.22256728
5bfc62583c11dae08e7ff329da7d57b3.txt,linkedin_posts,45.045967,0.45045966,0.3819272
5cf70d9296a18d8bfb47cd24c0534d91.txt,linkedin_posts,46.394554,0.46394554,0.299436
5d2f9ffbe71d4c4663e6998e5192ea63.txt,linkedin_posts,47.845123,0.47845125,0.35820156
5ef0b6d1826170c349851e26b0611d6b.txt,linkedin_posts,44.66172,0.4466172,0.35920343
6033c3a3e74fbce38144d0b3a51a8362.txt,linkedin_posts,59.633766,0.5963377,0.4141212
619cd5de5161d015b9be9f976312b110.txt,linkedin_posts,44.28387,0.4428387,0.3683148
61c5b6000f51176eba93fcb8243389e7.txt,linkedin_posts,38.79082,0.38790822,0.29181832
61dcc8ee80bac63cedf72df435fea338.txt,linkedin_posts,57.59263,0.5759263,0.42974606
625dda1773453b11d6fa276ea1233c41.txt,linkedin_posts,41.09439,0.41094393,0.3136024
63ac5b6ef7be9f6659d6bff3914be9b9.txt,linkedin_posts,48.383263,0.48383263,0.3343119
646297672cbcb9b8666ae768a26ad74c.txt,linkedin_posts,38.424007,0.38424006,0.23767364
65c1cf1ca366d1c555d49e95a6276c12.txt,linkedin_posts,59.44481,0.5944481,0.48911437
65fff493579309f37a1ad6be664eaf0f.txt,linkedin_posts,40.452477,0.40452477,0.29500318
6667411537d00025a2f865cf8c017e97.txt,linkedin_posts,71.30765,0.7130765,0.53083235
66dc8894ff61f239e5bdb61a20cc53df.txt,linkedin_posts,64.434166,0.64434165,0.46297526
677fd61548587915ff0984519bc206c4.txt,linkedin_posts,39.69515,0.39695147,0.24186747
67faa8eba630c66bcfd5e44b1a20beda.txt,linkedin_posts,52.594715,0.52594715,0.4383096
6987af78f5465d2f733cc37e6fa4c5bc.txt,linkedin_posts,49.136673,0.49136674,0.38023078
69979b2db7645df17e2204a6321f9928.txt,linkedin_posts,30.866411,0.3086641,0.23524675
6ba5c5578305d70e927e995ca6203ae3.txt,linkedin_posts,51.876045,0.51876044,0.3729283
6d712b68ba2cf518f080467a0eab2d91.txt,linkedin_posts,43.485077,0.43485078,0.35952768
6eb98ca593cb0998ea51267392d2abf7.txt,linkedin_posts,51.183487,0.51183486,0.3838936
6edbb0817e32d4f0eefd99c371ac2caa.txt,linkedin_posts,56.753063,0.56753063,0.43562976
6f3acdbf645b6b921667f85de0de1830.txt,linkedin_posts,43.75181,0.4375181,0.30356935
70013384465e9847535206127ced5e0c.txt,linkedin_posts,42.208523,0.42208523,0.3475805
70951d2a73eca893e39a06273e8cb200.txt,linkedin_posts,65.44741,0.6544741,0.48759755
70f44f4587f5c93b788967a87ab53b0e.txt,linkedin_posts,45.70254,0.4570254,0.30371422
71167e857ffcd3fd6b7626754be9e4f7.txt,linkedin_posts,58.852154,0.58852154,0.43669185
716ebb50a5ba14073bba451e40fed730.txt,linkedin_posts,38.983856,0.38983855,0.31596375
72511ff50700e5a9527fcffd38e84849.txt,linkedin_posts,34.75957,0.34759572,0.2482168
726b32fce268d4c438cf2a64673ee771.txt,linkedin_posts,43.77194,0.43771937,0.3200367
741090c0f53e0ab27c6c37ab44cd7d7c.txt,linkedin_posts,37.195644,0.37195644,0.2475675
74a5b3626ec328065135da49537e2091.txt,linkedin_posts,48.76715,0.4876715,0.35098314
7516f60a7071f0a14a0ed531801f0636.txt,linkedin_posts,30.74443,0.3074443,0.15777247
751c34bb6edf8351fbd2b3a63822315f.txt,linkedin_posts,34.00211,0.3400211,0.21938114
75468e8a87cb1f3c4f867bd1c4c83a58.txt,linkedin_posts,58.260483,0.5826048,0.38077632
77ec9907476fec7396b8fa3d7c20a64d.txt,linkedin_posts,33.69372,0.33693722,0.24811085
79971614bc793d79e08cfc521a2fa1fe.txt,linkedin_posts,38.67662,0.3867662,0.32051966
79cf5c093d55e375c8922d9d20ee3a59.txt,linkedin_posts,44.565952,0.44565952,0.33699867
7ba58cada98ac121a1180789c3c7eeab.txt,linkedin_posts,49.360626,0.49360627,0.33097997
7c2aaad80124ccf6118b2ca0085ca6a5.txt,linkedin_posts,64.80101,0.6480101,0.3737259
7d5ddefa52bef7e6a90ea02d60ce29b1.txt,linkedin_posts,34.975227,0.34975228,0.25451946
7f4caaa64bae2c6b0062a7e48527388a.txt,linkedin_posts,53.801144,0.53801143,0.4138338
7fec04e123e5b90c1a7d09c10b10970a.txt,linkedin_posts,36.768337,0.36768338,0.26833186
80b4028125c3c6faf38867e2fee53e31.txt,linkedin_posts,42.548035,0.42548037,0.33371457
80e66cbc178b865705f4b6b00feda6f3.txt,linkedin_posts,69.58491,0.69584906,0.4255963
81a7d5e8d738150fe59de8991deb63ce.txt,linkedin_posts,59.125443,0.5912544,0.41692692
823128c36109a1c60bd5d57064a70152.txt,linkedin_posts,30.28576,0.3028576,0.21317935
83812c4cd30d335411d974ec7dde3cbb.txt,linkedin_posts,58.934784,0.58934784,0.4857847
838f66d536b9b41a32bfe1acea7e0587.txt,linkedin_posts,39.447025,0.39447024,0.2747927
83c548257a7670f6685e804aaaf99846.txt,linkedin_posts,43.673546,0.43673545,0.1995121
851905dc2245cc49ace25cd8cd5dfef4.txt,linkedin_posts,54.15253,0.5415253,0.42210212
8653403f2c242f38e06ad66fed0ec662.txt,linkedin_posts,43.47728,0.4347728,0.28833953
886393534a431c73843c73ae1c421b45.txt,linkedin_posts,39.67358,0.39673582,0.25953475
887ee4bd2d064355b326516d77b22a31.txt,linkedin_posts,67.432335,0.6743233,0.52732956
88a1d4fd44d90d22dddf2ad021d38150.txt,linkedin_posts,57.947044,0.57947046,0.37524644
8ac998911c20f3d9074136c378e4214f.txt,linkedin_posts,48.208267,0.48208266,0.3262697
8b6722570db49874b80872fff7fa978f.txt,linkedin_posts,64.513,0.64513004,0.4406146
8d61dce19c8726a623efb5eae1954ba1.txt,linkedin_posts,55.6619,0.556619,0.373434
8e393902da3bf500443c2c7b573553a5.txt,linkedin_posts,33.1784,0.33178398,0.26435488
8fef990f148ffa0238ab43a5c7ae9055.txt,linkedin_posts,47.344772,0.47344774,0.41825405
901c874015444bfa0158fa9c95d807ae.txt,linkedin_posts,45.1329,0.451329,0.30814782
9066f429616dc377c4900c727c362811.txt,linkedin_posts,42.40443,0.4240443,0.27916363
91720b936c7cb6f3278fce0b51e6ac0f.txt,linkedin_posts,60.611404,0.60611403,0.43528485
920197886a713011a5274f61cb010815.txt,linkedin_posts,56.08225,0.5608225,0.47747836
923bdde7f092286136841faf4dc07ac8.txt,linkedin_posts,31.621933,0.31621933,0.21052364
92788e3fdb0a18615bd0493b802464f8.txt,linkedin_posts,30.94477,0.3094477,0.19358185
9285be88376cfad9114ba999a84b906f.txt,linkedin_posts,34.084938,0.34084937,0.2645314
92a59efa9ca19d142cf52b87a4c9ad47.txt,linkedin_posts,62.826626,0.6282663,0.42871737
930a6f0c42faa465ee2caf7f7216f96d.txt,linkedin_posts,30.133755,0.30133754,0.21374996
936708aa70858a136d602d5b7bbd1fdc.txt,linkedin_posts,46.916687,0.46916687,0.2859139
93ac03d871a254caf0de865752a05885.txt,linkedin_posts,50.10566,0.5010566,0.3790514
94191bc94f274f9fe442a317ac969bb3.txt,linkedin_posts,50.911957,0.5091196,0.43312997
946fd183beb3b7d516641c02dc2c8779.txt,linkedin_posts,48.432343,0.48432344,0.36207128
95e8fb3447dd3b8be3d196128e7c2499.txt,linkedin_posts,33.512436,0.33512437,0.23231344
96a0c74a1567da7db4a859d633343e27.txt,linkedin_posts,30.393356,0.30393356,0.22706409
96c76bfa9e3a009d4b2342c9dbda8633.txt,linkedin_posts,64.44044,0.64440435,0.48585552
9719a48784f5357da7127730b90779e4.txt,linkedin_posts,47.627686,0.47627684,0.36629352
979c9ab71a5abba5c2782c1960c051d8.txt,linkedin_posts,56.42147,0.5642147,0.42673954
980fcd68b8dffc05a5307b827ac1a9c7.txt,linkedin_posts,62.71519,0.6271519,0.4206613
9ada0c062df9136a77752442defccc64.txt,linkedin_posts,35.098156,0.35098156,0.1688087
9b2b4e137a4f7966ee159a8719cb5ea5.txt,linkedin_posts,39.55389,0.3955389,0.2945613
9b3ac202e445680942d897d62dc62f54.txt,linkedin_posts,51.689194,0.51689196,0.42406923
9be0e42785eecc32940119ebfaa6ce87.txt,linkedin_posts,51.372128,0.5137213,0.42500368
9c7b88a8266c8f7911b12620cb939963.txt,linkedin_posts,30.213604,0.30213603,0.24197586
9cbe490ff3852a47d3804aafc9c7c39c.txt,linkedin_posts,58.955383,0.58955383,0.44844994
9f704067c703f431bdd1b476e184bd36.txt,linkedin_posts,45.01519,0.45015192,0.35602075
9fc71534b3e481fadd9954a051337e0b.txt,linkedin_posts,37.294334,0.37294334,0.23692355
a018fe7b0472fc495ad4e257597f2958.txt,linkedin_posts,47.358185,0.47358185,0.38433558
a0b9492ea0d1a824368b7433dabb3870.txt,linkedin_posts,31.357203,0.31357202,0.17228791
a0eacd2e453bd08136695eab8d02799f.txt,linkedin_posts,47.654274,0.47654274,0.35389492
a167d3f1a986b3ba249e830a4267a746.txt,linkedin_posts,45.23486,0.4523486,0.30768028
a18f7713b33230546eeb6be6559facb4.txt,linkedin_posts,33.67565,0.3367565,0.25465986
a1d1de1afaf18c5cfe6866d572a873a7.txt,linkedin_posts,38.809647,0.38809645,0.31374034
a20198865589a642508a08bae70940d4.txt,linkedin_posts,32.633896,0.32633895,0.25236857
a289aebb278e74455c1b04b9d9e73c73.txt,linkedin_posts,50.579506,0.50579506,0.4296403
a2e710f2f1c1d0e30ea0a973c6b7dc5d.txt,linkedin_posts,47.155266,0.47155264,0.3515642
a3b0e42ee165476c74ff30e4e9e8ca4b.txt,linkedin_posts,56.709255,0.56709254,0.37195158
a4a2b24aadb6012e4691bc2453602b4a.txt,linkedin_posts,48.247074,0.48247075,0.35065636
a52be604d5649dcb7812123e686d4c96.txt,linkedin_posts,34.368572,0.34368572,0.2485758
a6134d7a7b94a38cf6da31fd62615b28.txt,linkedin_posts,59.32662,0.5932662,0.41903323
a646d0680ef4b0daf74bcb0c61f98c11.txt,linkedin_posts,55.383907,0.5538391,0.4537642
a712640d6759a1748db7b1cd22782aaa.txt,linkedin_posts,61.95298,0.6195298,0.46858326
a806bc8d6b64b729aa052ff20edeada2.txt,linkedin_posts,50.550877,0.5055088,0.4010995
aa7c5e926b7475a269c59fbb6a6ac833.txt,linkedin_posts,45.612793,0.4561279,0.40109667
aab84c3956105c2ffd7cb89c5da1fafd.txt,linkedin_posts,34.452484,0.34452486,0.22398302
acbcbd4392d24cb35295d4ae1f4a3ba0.txt,linkedin_posts,53.71406,0.5371406,0.42491254
b11a48da772c1177834765c99d53687e.txt,linkedin_posts,52.683598,0.526836,0.3530009
b211a50b76be329b964bc00bd82fb2ba.txt,linkedin_posts,44.616886,0.44616887,0.35703194
b34f422d4bc7e0c4e75da1916c8b7a50.txt,linkedin_posts,39.069294,0.39069295,0.3086828
b35025b0453ce2262a7567b93cdba407.txt,linkedin_posts,52.326385,0.5232639,0.38689452
b4a327a94350045f8093c3e0f63e5b78.txt,linkedin_posts,31.84804,0.3184804,0.241939
b5304b5ef208ebe2efbf7c75f21160e7.txt,linkedin_posts,45.785255,0.45785254,0.36913234
b5dcc1556c78adde1707490cd7b6d81e.txt,linkedin_posts,44.835197,0.44835198,0.37127957
b63404604843f8f21ea770950dc4bd6f.txt,linkedin_posts,45.74824,0.4574824,0.31676272
b645014e24318612fe3e72eaa2fd3b26.txt,linkedin_posts,54.973186,0.54973185,0.45965013
b69157d2cfcfba5ec1ddce23807e2c4d.txt,linkedin_posts,43.99596,0.4399596,0.3350053
b7adcf2fd4e622de02d49ca9ab28a8c3.txt,linkedin_posts,48.805782,0.48805782,0.40915495
b7bb352dbf8d553b10613abd65238567.txt,linkedin_posts,49.866524,0.49866524,0.32776803
bb13dc4e5880240af79d32526a921887.txt,linkedin_posts,54.09565,0.5409565,0.44019252
bb2962ea804d09c3de192d6d375324f9.txt,linkedin_posts,45.302273,0.45302272,0.32050383
bb315c7e3afd379c9e946d436c15666a.txt,linkedin_posts,30.217215,0.30217215,0.21984968
bbe5595ca9450c3d443c28c885bcd67f.txt,linkedin_posts,46.797,0.46797,0.33260912
bce8d2b21385c4a1777ca7ad23ee033e.txt,linkedin_posts,43.69039,0.43690392,0.3108657
be8bcbd7991e4073df02eb6943168f55.txt,linkedin_posts,61.05278,0.6105278,0.47677904
bf31a763252e31c17d817a89dfff0d46.txt,linkedin_posts,52.95545,0.5295545,0.45170897
c17a7a446ccdd3dbe45cf90643881108.txt,linkedin_posts,43.582943,0.43582943,0.3216636
c1dbf064d5702e315610fd57d9de584d.txt,linkedin_posts,47.420235,0.47420233,0.3760139
c2fa58e0956e309f319f0de37e549081.txt,linkedin_posts,54.47465,0.5447465,0.43408448
c2feadf27fb2f8e351d2713642667b5a.txt,linkedin_posts,30.623528,0.30623528,0.17272846
c377e60d730eb2a1748edb220e8f515e.txt,linkedin_posts,54.061752,0.5406175,0.35872182
c60aaab5c1bf9b853d485c131678c419.txt,linkedin_posts,33.708607,0.33708605,0.22412388
c6a8ccd358891865f1baafab80e97da1.txt,linkedin_posts,39.96918,0.39969182,0.26790458
c6c173fe0107561f2e8b5a227100e4ca.txt,linkedin_posts,48.582058,0.4858206,0.38398376
c6e7e31f1edd53f184770b03d7cd876e.txt,linkedin_posts,48.350117,0.48350117,0.26763076
c8cb86fe535f956c2acb371a8cb4f25b.txt,linkedin_posts,32.51504,0.32515043,0.24708572
c9d231fe2a82461e9f19d17616a018a4.txt,linkedin_posts,34.70103,0.3470103,0.20746331
ca02f11482f289574d40bfd1a081030f.txt,linkedin_posts,35.824696,0.35824695,0.2894507
cc7188d9aab96bf9091bb303052fe44e.txt,linkedin_posts,52.061104,0.52061105,0.37710866
ccff7749c92e8d05315dab384270fd01.txt,linkedin_posts,34.15082,0.3415082,0.23257263
cd5ec71f369c2decdf9433e9b5e9e3ac.txt,linkedin_posts,34.13981,0.3413981,0.2847399
cdc0cfd768d16a52be3a74a7b18ce7de.txt,linkedin_posts,49.78261,0.49782613,0.38122404
ceff0fc841415d66fa132141b0e36375.txt,linkedin_posts,39.898346,0.39898348,0.24879304
cf374bf2c7d7b0f98282d397111cb7b6.txt,linkedin_posts,30.629837,0.30629838,0.20588613
cf73c3df5ac0bd869495f1d527857be2.txt,linkedin_posts,30.980087,0.30980086,0.25533777
d0b33729ce091ace3ca8cd1b28f7360f.txt,linkedin_posts,46.76761,0.46767607,0.3777714
d0d52d310e96d2d951922d0a3392e8c6.txt,linkedin_posts,70.10244,0.7010244,0.47879538
d18dd824758db0288ccd89754d418419.txt,linkedin_posts,34.246803,0.34246802,0.22957769
d1bf97a591d63daea78799245866be5e.txt,linkedin_posts,58.162327,0.58162326,0.44633713
d2c329c258db2fcd03e7df6875a6b291.txt,linkedin_posts,36.607635,0.36607635,0.20199446
d3d8459cce7847c58c485806291c0a9a.txt,linkedin_posts,46.239834,0.46239835,0.31188127
d440a866e7d5d30fa77099a031b48b6b.txt,linkedin_posts,47.192837,0.47192836,0.33179706
d58e6c1c81b2590088fd8ba3c2317aee.txt,linkedin_posts,46.57013,0.46570128,0.36509857
d5a78c8f47ceef6b0dc3b9271dc3f8ba.txt,linkedin_posts,50.887924,0.50887924,0.39605445
d727c8379780b0910bf9070c4d498986.txt,linkedin_posts,45.387848,0.4538785,0.3136148
d746b7bef77abbbbcf90db6fcc2352bd.txt,linkedin_posts,45.138893,0.45138893,0.4022425
d90ab549537a6706a550d07b994dfda4.txt,linkedin_posts,49.970562,0.4997056,0.3845857
d987c0b53ed14db522f281a8ad825d5f.txt,linkedin_posts,48.165165,0.48165166,0.40191498
d9f8da2f8d118d9fa88585d0b37f7f48.txt,linkedin_posts,45.134003,0.45134002,0.3323322
da2155cee94b33843d6877dc952a5d4e.txt,linkedin_posts,51.58611,0.5158611,0.3980411
daa3356cb2ac2d2e700f914605225578.txt,linkedin_posts,45.88784,0.4588784,0.35312334
db35646415ca90c316e9686a78e1f453.txt,linkedin_posts,43.191986,0.43191984,0.31404155
dbbce2e59d88935dce3c827c5778e8f5.txt,linkedin_posts,36.58313,0.3658313,0.1921616
dc34206ef4b0290ef1b11805d3be887c.txt,linkedin_posts,37.710056,0.37710056,0.2635736
dd1e44e17387fc66a57824b2d32fdc4b.txt,linkedin_posts,58.284004,0.58284,0.37831882
dd1e7b1944ed97dc06df23d59879b38a.txt,linkedin_posts,63.128674,0.63128674,0.49172086
dd4cac33c6c6def3006fb03b0189617b.txt,linkedin_posts,61.67081,0.6167081,0.5020304
de7df803d7c2caa67c0cc6505771fd9c.txt,linkedin_posts,64.552216,0.6455222,0.5031199
df3fa22776a843853bbcaf9615d54e84.txt,linkedin_posts,46.66429,0.46664292,0.36925417
dfa0501d8057dbf07217e82cfea64d55.txt,linkedin_posts,31.857422,0.31857422,0.21941575
dfdf171e85c3f5524a96ef932499ce6b.txt,linkedin_posts,44.821968,0.4482197,0.35737896
e07f09bd983615241ca4a6ad20720ddb.txt,linkedin_posts,50.23526,0.5023526,0.24940379
e105835f166a2e11e8df9a80d5c06f46.txt,linkedin_posts,46.19674,0.4619674,0.36901277
e23efc816032bf80db7432fbde6fd86a.txt,linkedin_posts,51.652493,0.5165249,0.43868166
e2dda26a8b0c5b45b93ef9f168626b83.txt,linkedin_posts,60.451878,0.6045188,0.5025471
e2e33231902dfb2aa0147fa8ef9d364b.txt,linkedin_posts,31.25072,0.31250718,0.21653554
e41309d82a6df557940e439b807045c1.txt,linkedin_posts,54.85822,0.5485822,0.42242312
e4569785ad9428b441da82be22e0b09e.txt,linkedin_posts,44.72511,0.44725108,0.38811705
e4f5f1b14de072596e67fd41f535dc3f.txt,linkedin_posts,53.478104,0.53478104,0.4085292
e52ec09216efa6277430825bba136e8c.txt,linkedin_posts,44.734463,0.44734463,0.37444204
e57e1d75b4a040c3c891a90f5796b48a.txt,linkedin_posts,49.526817,0.49526817,0.38312262
e58723117bf436ed980ed877fcbfe73c.txt,linkedin_posts,37.11738,0.3711738,0.21876714
e5b301e8e7158542f16116035c879cd2.txt,linkedin_posts,48.6186,0.486186,0.3914196
e73c15a79c193724a29ddcabaaba421b.txt,linkedin_posts,50.88818,0.5088818,0.3948007
e8efe9487c9950f95e8e0137dd05468a.txt,linkedin_posts,53.23556,0.5323556,0.42360243
ebaee27e93161b4210c03431d246e95a.txt,linkedin_posts,38.927567,0.38927567,0.29892606
ebb5b0af1c5dc1ae8c454b13fa8c4218.txt,linkedin_posts,30.28149,0.3028149,0.21702202
ec740deb23a1c4b3549d3b9d1487b9b8.txt,linkedin_posts,65.30193,0.6530193,0.49179643
ed062b733f461ea29048f89daac58cd8.txt,linkedin_posts,31.572664,0.31572664,0.20669177
ed1f0d2688cbbac1b1a3c5fe9b192b44.txt,linkedin_posts,55.49156,0.5549156,0.44950157
ed49a2207e16c9df7caf3c255a0849af.txt,linkedin_posts,45.369877,0.45369875,0.33379292
edf596ae8ff281f6f2d52aa908e8d4cd.txt,linkedin_posts,44.01247,0.4401247,0.39638805
ee6e9e04c21e087585db60b5b01e6ab2.txt,linkedin_posts,54.880463,0.54880464,0.3987282
ef3b92ff9a321f772b1b6df2beda15a5.txt,linkedin_posts,57.277954,0.57277954,0.46329316
ef49b0fa91d0dab246b18c829ff65f33.txt,linkedin_posts,55.757397,0.557574,0.38461104
f098cccc46a697920fe140d1c74accd5.txt,linkedin_posts,50.135,0.50135,0.42019248
f232689360442480c3692e6440f89140.txt,linkedin_posts,48.94071,0.4894071,0.4251736
f3fbc93d73b8c969363e1c0221735aef.txt,linkedin_posts,60.24949,0.6024949,0.39869064
f4bdbcfb0d08650355cafef7b3b5953f.txt,linkedin_posts,42.39102,0.4239102,0.29749805
f55c2f2f0d1b35688228d72b7c4272c9.txt,linkedin_posts,57.617943,0.57617944,0.36332983
f566a0c5e0cc8a13d3e9bf5766f1635b.txt,linkedin_posts,61.956776,0.61956775,0.4287563
f579555b14ec77253734f525e3887a68.txt,linkedin_posts,43.642513,0.43642515,0.23287599
f7a01cf3ae7babe804fec16f30f2ee75.txt,linkedin_posts,45.66094,0.45660937,0.36036745
f7c3014a03268599729b33d3792d9320.txt,linkedin_posts,33.682056,0.33682057,0.2222865
f7e31b9aad6726022e80061e663c5a54.txt,linkedin_posts,52.280228,0.5228023,0.36172602
f931e8bcb457787d5e8da6d429bcb127.txt,linkedin_posts,35.831562,0.35831562,0.21104634
f95c2d49bbf12dbd38deb75617a5341f.txt,linkedin_posts,57.423042,0.57423043,0.44919127
f987b6d68d01f10d36a21ca14bae482f.txt,linkedin_posts,53.25511,0.5325511,0.38914168
f9ad3783d9216aa9346f6bb856c66ccc.txt,linkedin_posts,58.26456,0.5826456,0.43972072
f9f8071c487d6af73169db6149e6ac46.txt,linkedin_posts,39.061264,0.39061263,0.27050287
fa186a76e61a477600808fb7873f181e.txt,linkedin_posts,34.422626,0.34422627,0.22609825
fb40e8bccfc6ca38e5dc7e2e6e12347e.txt,linkedin_posts,40.664803,0.406648,0.26465994
fc3fcdbd23a1fc6332160de9a2927592.txt,linkedin_posts,54.42525,0.5442525,0.47246385
fc62f010804dbed21af4b8ab99babdcf.txt,linkedin_posts,42.382027,0.42382026,0.36087945
fc8862d0fe221a23fd131eab93cf6de0.txt,linkedin_posts,52.0294,0.520294,0.438039
fca34b17c7cd5971b1576859dbb9c86d.txt,linkedin_posts,50.992287,0.50992286,0.40355295
fe457ee51b6a17558b97e4be2838fc0a.txt,linkedin_posts,37.57133,0.37571332,0.2446715
ffae627ade397306938067d22b73412b.txt,linkedin_posts,60.84488,0.6084488,0.42398056
A friendly starter paper - Entropy-Guided Loop_ Achieving Reasoning through Uncertainty-Aware Generation [R].txt,Reddit_posts,39.95639,0.3995639,0.32709694
Advice on labeling this type of image for machine learning_.txt,Reddit_posts,34.116203,0.34116203,0.24011998
Agile for data science projects - thoughts on making it work_.txt,Reddit_posts,33.027313,0.33027315,0.21675968
"All the wrong things with predicting purchase, churn and similar targets in digital marketing.txt",Reddit_posts,36.067978,0.36067978,0.23113768
Artificial life simulations.txt,Reddit_posts,32.340546,0.32340547,0.22032586
Conformal Prediction with Python (Uncertainty Quantification in Time Series Analysis).txt,Reddit_posts,46.400974,0.46400973,0.3467427
Data Learning Model Interesting Find [Cancer Reference].txt,Reddit_posts,30.676365,0.30676365,0.19555369
Decoding LLM Uncertainties for Better Predictability.txt,Reddit_posts,46.51764,0.4651764,0.3921879
Does anyone use systematic uncertainties anymore_.txt,Reddit_posts,54.23155,0.5423155,0.44639736
Epistemic uncertainty really could reflect the state of the model_[D].txt,Reddit_posts,55.205345,0.55205345,0.42909855
Evaluating Bayesian Optimisation search efficiency and uncertainty.txt,Reddit_posts,34.988274,0.34988275,0.23580141
Everything I've been doing is suddenly considered AI now.txt,Reddit_posts,30.769283,0.30769283,0.14196318
Examining uncertain predictions on the training set.txt,Reddit_posts,56.5819,0.565819,0.45538098
Explainable AI Scepticism.txt,Reddit_posts,36.18283,0.3618283,0.23071727
F1 Steering Angle Prediction  (Yolov8 + EfficientNet-B0 + OpenCV + Streamlit).txt,Reddit_posts,31.2051,0.312051,0.16910833
Gaussian Processes for Mixed Continuous and Categorical Inputs.txt,Reddit_posts,33.424717,0.33424717,0.23704183
How alive is traditional machine learning in academia_.txt,Reddit_posts,30.641449,0.30641448,0.20232812
How Does a Model Detect Objects in Images of Different Sizes_.txt,Reddit_posts,30.938377,0.30938378,0.18728833
How I lost 1000€ betting on CS_GO with Machine Learning.txt,Reddit_posts,32.346592,0.3234659,0.20138077
How I Use MLflow 3.1 to Bring Observability to Multi-Agent AI Applications.txt,Reddit_posts,36.59786,0.3659786,0.20787819
I need career advice (CV_ML roles).txt,Reddit_posts,32.16276,0.32162762,0.1676175
Implementing a CNN from scratch.txt,Reddit_posts,35.94088,0.3594088,0.13491324
LangDiversity_ software to identify LLM errors.txt,Reddit_posts,36.190594,0.36190593,0.2973434
Looking for a Blog post that small image resolutions are enough for CV_DL.txt,Reddit_posts,32.36123,0.32361227,0.17563632
New Grad Data Scientist feeling overwhelmed and disillusioned at first job.txt,Reddit_posts,36.876225,0.36876225,0.18886869
New Online Course from MIT_ Probability - The Science of Uncertainty and Data.txt,Reddit_posts,50.544827,0.5054483,0.3229677
Practical bayesian methods MOOC.txt,Reddit_posts,33.868523,0.33868524,0.20109904
Query - Confidence Interval.txt,Reddit_posts,34.555252,0.3455525,0.24612065
Question about using predictions to generate new training target data.txt,Reddit_posts,42.178913,0.42178914,0.31435448
Representing Model Uncertainty in Reinforcement Learning and Classification_ Are Bayesian ConvNets Harder to Fool_.txt,Reddit_posts,60.79841,0.60798407,0.4827916
Reproducibility standards for machine learning in the life sciences.txt,Reddit_posts,30.630466,0.30630466,0.18890205
Ressources for Bayesian time series_.txt,Reddit_posts,52.815098,0.528151,0.29561904
Should I attempt to do machine learning project without business need.txt,Reddit_posts,36.74899,0.3674899,0.23131788
Simple Multiple Choice Questions about Machine Learning [D].txt,Reddit_posts,34.354107,0.34354106,0.2533778
Simulating a single human neuron..txt,Reddit_posts,30.255756,0.30255756,0.16486134
Stats vs ML Pedagogy.txt,Reddit_posts,36.398922,0.36398923,0.19796142
"Struggled with the math behind convolution, backprop, and loss functions — found a resource that helped.txt",Reddit_posts,33.570164,0.33570164,0.22401369
The Mathematics of Machine Learning.txt,Reddit_posts,36.592102,0.36592102,0.27662224
Variation of MSE loss for regression tasks.txt,Reddit_posts,34.380184,0.34380183,0.2798616
What is the best way to quantify the trade off between model evidence and parameter uncertainty in the dynamic casual mo.txt,Reddit_posts,43.1714,0.43171397,0.36227995
What questions do data-literate professionals ask_.txt,Reddit_posts,31.39613,0.3139613,0.25219506
What’s the Best AI Model for Differentiating Jewelry Pieces with Subtle Differences_.txt,Reddit_posts,31.424448,0.31424448,0.2522447
Why Language Models Hallucinate - OpenAi pseudo paper - [D].txt,Reddit_posts,34.04717,0.34047168,0.20801035
[Active Learning]Confused about retrieving uncertainty scores from an object detection model.txt,Reddit_posts,38.120186,0.38120186,0.33521104
[Discussion] Batch active learning with Deep Neural Networks for regression.txt,Reddit_posts,32.143524,0.32143524,0.1978612
[Discussion] Bayesian NN with Neural Ordinary Differential Equations.txt,Reddit_posts,61.387657,0.6138766,0.3750946
[Discussion] Bayesian regression with noise injection_.txt,Reddit_posts,35.90791,0.3590791,0.2255685
[DISCUSSION] How do the different versions of the bootstrap work with deep neural networks_.txt,Reddit_posts,32.911118,0.32911116,0.22238357
[Discussion] Modeling uncertainty using deep learning models.txt,Reddit_posts,64.814156,0.64814156,0.49697265
[Discussion] Uncertainty propagation in LSTM-based RNNs.txt,Reddit_posts,50.33297,0.5033297,0.38952404
[Discussion] Understanding Tensorflow Probability .txt,Reddit_posts,52.2641,0.522641,0.41263327
[Discussion] Using uncertainty in raw labels in loss function of model.txt,Reddit_posts,46.906136,0.46906134,0.41631207
[Discussion] What are SOTA Uncertainty Quantification Methods for Neural Networks_.txt,Reddit_posts,56.7298,0.567298,0.4773512
"[Discussion] What exactly are World Models in AI_ What problems do they solve, and where are they going_.txt",Reddit_posts,30.501102,0.30501103,0.17857634
[Discussion] Wiki-style Bayesian network for medical diagnosis.txt,Reddit_posts,42.84736,0.4284736,0.29315042
[Discussion] [Research] Variational Bayesian Inference vs Monte-Carlo Dropout for Uncertainty Quantification in DL.txt,Reddit_posts,55.893974,0.55893975,0.37975234
[D]  Uncertinity Quantificationfor time seriese prediction (RNN)_.txt,Reddit_posts,59.003075,0.5900307,0.43320522
[D] A MoE Model of Manageable Size for Initial Experiments.txt,Reddit_posts,35.493332,0.35493332,0.27501595
[D] Any good works on uncertainty estimation in imaging tasks (e.g. segmentation)_.txt,Reddit_posts,52.859203,0.52859205,0.44453177
[D] Bayesian Models vs Conformal Prediction (CP).txt,Reddit_posts,52.280773,0.5228077,0.35844082
[D] Best practices for Bayesian Deep Learning.txt,Reddit_posts,50.654255,0.50654256,0.29578984
[D] Best Way to Measure LLM Uncertainty_.txt,Reddit_posts,52.801342,0.5280134,0.44151026
"[D] Beyond the cloud_ SLMs, local AI, agentic constellations, biology and a high value direction for AI progress.txt",Reddit_posts,32.561615,0.32561615,0.18803558
[D] Capturing forecast uncertainty for a SVR model.txt,Reddit_posts,48.09896,0.4809896,0.41969466
[D] Comparison of the Model prediction uncertainty of two different models.txt,Reddit_posts,46.326973,0.4632697,0.3632689
[D] Confidence _ may be _ all you need..txt,Reddit_posts,39.824722,0.3982472,0.32871196
[D] Conformal Prediction in Industry.txt,Reddit_posts,37.67559,0.3767559,0.28195673
[D] Current ML Engineer Searching for Career Advice.txt,Reddit_posts,31.013016,0.31013015,0.1900231
[D] Data augmentation with ambiguous examples_.txt,Reddit_posts,44.125633,0.4412563,0.3001178
[D] Difference between probabilistic and Bayesian approaches for modeling uncertainty_.txt,Reddit_posts,51.183475,0.51183474,0.3755016
"[D] Does prediction uncertainty of prediction depend on the choice of model_ (for example, a Random Forest, Gaussian Pro.txt",Reddit_posts,59.912376,0.5991238,0.50154054
[D] Embedding Ethical Priors into AI Systems_ A Bayesian Approach.txt,Reddit_posts,36.67615,0.3667615,0.23692217
[D] Estimating uncertainty using dropout at inference only.txt,Reddit_posts,73.39765,0.7339765,0.42006093
[D] Have any Bayesian deep learning methods achieved SOTA performance in...anything_.txt,Reddit_posts,34.80051,0.3480051,0.2233212
[D] How do you measure confidence_uncertainty in tree based ensemble models _.txt,Reddit_posts,48.083874,0.48083875,0.29101104
[D] How does everybody statistically compare different NN training methods over multiple test datasets with different nu.txt,Reddit_posts,38.0564,0.380564,0.3045494
[D] How to incorporate data uncertainty in Neural Network model_.txt,Reddit_posts,54.17199,0.5417199,0.45113832
[D] ICML 2019 Machine Learning Talks.txt,Reddit_posts,36.028847,0.36028847,0.25885493
[D] Intersection between active learning and model calibration_.txt,Reddit_posts,32.07728,0.3207728,0.2558884
"[D] Inverse machine learning_ What if we knew the actual model, how to infer the parameters_.txt",Reddit_posts,47.08716,0.47087157,0.39442876
[D] Is it possible to also quantify _epistemic uncertainty_ for denoising diffusion probabilistic models_.txt,Reddit_posts,54.196114,0.54196113,0.43834248
[D] Leveraging Dropout for Uncertainty Quantification _ Adversary Rejection.txt,Reddit_posts,57.98218,0.5798218,0.45050755
[D] Linear model for variables that have an associated uncertainty.txt,Reddit_posts,53.032143,0.5303214,0.4476214
[D] Literature_blogs introducing the idea of uncertainty in Machine Learning models from the basics_.txt,Reddit_posts,58.688267,0.58688265,0.4866612
"[D] Loss Function, Uncertainty.txt",Reddit_posts,65.54333,0.6554333,0.49925432
[D] Machine Learning _ Explaining Uncertainty Bias in Machine Learning.txt,Reddit_posts,57.34906,0.5734906,0.44263506
[D] MCDropout and CNNs.txt,Reddit_posts,55.231293,0.5523129,0.33570448
[D] Monte Carlo Dropout for pretrained model.txt,Reddit_posts,52.594788,0.52594787,0.27352136
[D] My custom DynamicNeuralNetwork hit 2.63 total loss on ARC‑AG1 at 0.6 epochs—projected 78% exact‑match validation bef.txt,Reddit_posts,33.401318,0.33401316,0.20902026
"[D] New Episode of Learning from Machine Learning _ Lukas Biewald _ “You think you’re late, but you’re early” _ #13.txt",Reddit_posts,32.860775,0.32860777,0.19607477
[D] Outlier analysis in machine learning.txt,Reddit_posts,34.31036,0.34310362,0.27131993
[D] Research on predictive uncertainty _ confidence_.txt,Reddit_posts,64.61469,0.64614695,0.53251994
[D] Research Topics in Conformal Prediction.txt,Reddit_posts,45.66712,0.45667124,0.32271636
[D] RL_ GANs as MCTS environment simulator for deep model-based planning_.txt,Reddit_posts,33.84321,0.33843207,0.22809717
[D] Seeking advice on choosing PhD topic_area.txt,Reddit_posts,33.1783,0.331783,0.21981081
[D] Segmentation networks for biomedical applications_.txt,Reddit_posts,34.02899,0.34028992,0.17947108
[D] Should I learn Probabilistic Programming if I'm an prospective Data Scientist.txt,Reddit_posts,39.175972,0.39175972,0.22001186
[D] Solo machine learning engineer woes.txt,Reddit_posts,33.797905,0.33797905,0.22875181
"[D] To those of you who quit machine learning, what do you do now_.txt",Reddit_posts,39.393894,0.39393896,0.260428
[D] Train a model from multiple data sources with different uncertainty_.txt,Reddit_posts,50.566822,0.5056682,0.39192152
[D] Trying to understand Concept learning _ Some questions based on Tom Mitchell Chapter 2.txt,Reddit_posts,34.59724,0.34597242,0.23851041
[D] UNCERTAINTY IN GRADIENT BOOSTING VIA ENSEMBLES.txt,Reddit_posts,49.407078,0.49407077,0.34993395
[D] Uncertainty Quantification in Deep Learning.txt,Reddit_posts,62.80266,0.6280266,0.4569532
[D] Using gaussian processes with varying uncertainties_.txt,Reddit_posts,48.026485,0.48026484,0.38632965
[D] Using LLMs to extract knowledge graphs from tables for retrieval-augmented methods — promising or just recursion_.txt,Reddit_posts,36.43785,0.3643785,0.22657187
[D] Utilizing Uncertainty Estimation to increase Auto-Label efficiency for Active Learning.txt,Reddit_posts,41.958508,0.41958508,0.3315029
[D] What are some good alternatives to Monte Carlo Droupout that you've come across_.txt,Reddit_posts,73.7104,0.73710406,0.4631188
[D] What exactly counts as “uncertainty quantification”_.txt,Reddit_posts,55.38225,0.5538225,0.39619952
[D] What is the current consensus on the effectiveness of Active Learning_.txt,Reddit_posts,35.527004,0.35527006,0.2558481
"[D] What is the current state of the art in confidence scoring, calibration and out of distribution detection_.txt",Reddit_posts,53.42611,0.5342611,0.3491029
[D] What is the difference between Confidence and Uncertainty of a ML model _.txt,Reddit_posts,53.54036,0.5354036,0.4183578
[D] Where to start learning about hierarchical Bayesian models of behaviour and the hierarchical Gaussian filter_.txt,Reddit_posts,44.418556,0.44418555,0.2852862
[D] Why is the predictive variance of Bayesian models can be interpreted as epistemic uncertainty_.txt,Reddit_posts,52.15988,0.5215988,0.4200266
[D] [P] Variational Inference for Neural Network Weights in High-Dimensional Spatio-Temporal Models_.txt,Reddit_posts,47.81048,0.47810477,0.3586508
[D](Active Learning)Confused about retrieving uncertainty scores from an object detection model.txt,Reddit_posts,42.801506,0.42801505,0.37264186
[N] A Gentle Introduction to Conformal Prediction and Distribution-Free Uncertainty Quantification.txt,Reddit_posts,51.417194,0.51417196,0.47011796
[N] Call for papers_ ICML 2020 Workshop on Uncertainty and Robustness in Deep Learning.txt,Reddit_posts,56.92777,0.5692777,0.42869988
[N] Call for papers_ ICML 2021 Workshop on Distribution-Free Uncertainty Quantification.txt,Reddit_posts,32.500336,0.32500336,0.28855178
"[N] IBM Releases UQ360 AI tool, An Open Source Tool To Measure Model Uncertainty.txt",Reddit_posts,55.66226,0.55662256,0.39807373
[N] Laplace’s Demon_ A Seminar Series about Bayesian Machine Learning at Scale.txt,Reddit_posts,50.162445,0.50162446,0.35765204
[N] Machine Learning Reproducibility Challenge (MLRC) 2025 happening this month at Princeton University.txt,Reddit_posts,31.506794,0.31506795,0.20827183
"[N] The Moral Uncertainty competition_ $100,000 in prizes for training ML models to identify ethically ambiguous scenari.txt",Reddit_posts,37.845833,0.37845832,0.26623607
[N] Tutorial on Conformal Prediction and DFUQ Part 2_ Conditional Coverage + Diagnostics.txt,Reddit_posts,33.39552,0.3339552,0.28574735
[Project] Library for offline model-based reinforcement learning.txt,Reddit_posts,35.349606,0.35349604,0.27243623
[P] chess-cv_ CNN-based chess piece classifier.txt,Reddit_posts,34.797043,0.34797043,0.2130929
[P] cleanlab_ accelerating ML and deep learning research with noisy labels.txt,Reddit_posts,43.18136,0.4318136,0.29510832
[P] Data Efficient Reinforcement Learning with Probabilistic Model Predictive Control_ Opensource Implementation.txt,Reddit_posts,40.108654,0.40108654,0.23506138
[P] Deterministic Objective Bayesian Analysis for Spatial Models.txt,Reddit_posts,31.308317,0.31308317,0.22940657
[P] Discussion about an Open Source Project_ FinRL A Deep Reinforcement Learning Library for Quantitative Finance.txt,Reddit_posts,32.81555,0.32815552,0.21761306
[P] How would you measure uncertainty in a classification task_.txt,Reddit_posts,60.70351,0.6070351,0.52227813
"[P] ICML2020, NGBoost_ Natural Gradient Boosting for Probabilistic Predictions.txt",Reddit_posts,46.608616,0.46608615,0.38500923
[P] Improving mulitclass classification accuracy with Jain's Fairness Index.txt,Reddit_posts,39.441288,0.39441288,0.3463346
[P] Lace v0.6.0 - A Bayesian nonparametric tabular data analysis engine for rust and python.txt,Reddit_posts,31.737122,0.31737122,0.18024683
[P] Make AI Robust and Trustworthy with CAPSA!.txt,Reddit_posts,59.250484,0.59250486,0.41238308
[P] Neural Process Family (meta-learning+uncertainty estimates).txt,Reddit_posts,44.75259,0.4475259,0.37908182
[P] Prediction model developed and validated - how to proceed_.txt,Reddit_posts,37.490982,0.37490982,0.26613253
[P] Project Feedback Request_ Tackling Catastrophic Forgetting with a Modular LLM Approach (PEFT Router + CL).txt,Reddit_posts,32.703255,0.32703254,0.23051009
[P] UQLM_ Uncertainty Quantification for Language Models.txt,Reddit_posts,47.544857,0.47544858,0.3928826
[P] [D] How are you approaching prediction uncertainty in ML systems_.txt,Reddit_posts,60.65175,0.6065175,0.46586937
[P] [D] Is inference time the important performance metric for ML Models on edge_mobile_.txt,Reddit_posts,33.34874,0.3334874,0.20320514
"[P] 🚀 AWS launches Fortuna, an open-source library for Uncertainty Quantification.txt",Reddit_posts,47.711372,0.47711372,0.39444828
[Research] Depth Uncertainty in Neural Networks.txt,Reddit_posts,62.599636,0.62599635,0.45475903
[Research] Detecting Errors in Numerical Data via any Regression Model.txt,Reddit_posts,40.761143,0.40761143,0.33688116
[Research] Instance-aware Image Colorization (CVPR 2020).txt,Reddit_posts,41.756638,0.41756636,0.26673904
[R] A snapshot of few-shot classification.txt,Reddit_posts,31.910282,0.31910282,0.25206834
[R] Accurate and interpretable modelling of conditional distributions (predicting densities) by decomposing joint distri.txt,Reddit_posts,37.319843,0.37319845,0.24280114
[R] Announcing Confident Learning_ Finding and Learning with Label Errors in Datasets.txt,Reddit_posts,41.812393,0.41812393,0.32984498
"[R] azzurra-voice, a new State-of-the-Art Italian Text-to-Speech model.txt",Reddit_posts,32.457058,0.3245706,0.17207651
[R] Bayesian Optimization-based Combinatorial Assignment.txt,Reddit_posts,35.316296,0.35316297,0.23306207
"[R] Beating Baselines with Geometry_ Introducing GMC, a Fast and Well-Calibrated Classifier.txt",Reddit_posts,30.442223,0.30442223,0.1962646
[R] Bootstrapped model learning and error correction for planning with uncertainty in model-based RL.txt,Reddit_posts,49.884354,0.49884352,0.37684768
[R] Connections between Uncertainty Quantification and AI Alignment_.txt,Reddit_posts,51.829124,0.51829123,0.40965924
[R] Consensus and uncertainty ML research- arXiv endorsement - is it actually possible without affiliation_.txt,Reddit_posts,42.350143,0.42350143,0.27276313
[R] Decoding LLM Uncertainties for Better Predictability.txt,Reddit_posts,49.224724,0.49224725,0.409216
[R] DeepMind’s Epistemic Neural Networks Open New Avenues for Uncertainty Modelling in Large and Complex DL Systems.txt,Reddit_posts,65.0302,0.650302,0.48051277
[R] Diffusion might be a better way to model randomness in PPLs than Markov chain Monte Carlo or VI.txt,Reddit_posts,35.607025,0.35607025,0.28730118
[R] Domain-Adaptive Object Detection via Uncertainty-Aware Distribution Alignment.txt,Reddit_posts,42.297264,0.42297265,0.29102403
"[R] Fast, universal estimation of latent variable models using extended variational approximations.txt",Reddit_posts,35.228825,0.35228825,0.25259694
[R] Forecasting_ theory and practice.txt,Reddit_posts,42.208607,0.42208606,0.2404176
[R] Google Research’s Prediction Depth_ Understanding the Laws that Govern DL Data Processing.txt,Reddit_posts,39.99009,0.39990088,0.2845126
[R] GP-BART_ a novel Bayesian additive regression trees approach using Gaussian processes.txt,Reddit_posts,35.730827,0.35730827,0.2505626
[R] Grammars of Formal Uncertainty_ When to Trust LLMs in Automated Reasoning Tasks.txt,Reddit_posts,48.082153,0.48082152,0.38658863
[R] Graph ML benchmarks and foundation models.txt,Reddit_posts,30.428371,0.3042837,0.17214444
[R] Graph node binary classification_ Training set labels contain false negatives.txt,Reddit_posts,32.759987,0.32759985,0.27495557
[R] Identifying Critical Decision Points in Neural Text Generation Through Token-Level Uncertainty Analysis.txt,Reddit_posts,31.98693,0.3198693,0.2706959
[R] InfoSHAP_ Explaining Predictive Uncertainty with Information Theoretic Shapley Values.txt,Reddit_posts,53.423588,0.5342359,0.40771493
[R] Introduction to Conformal Prediction and Distribution-Free Uncertainty Quantification - Link to a free online lectur.txt,Reddit_posts,62.12847,0.6212847,0.531389
[R] Investigation about neural networks and OOP.txt,Reddit_posts,31.891224,0.31891224,0.20444989
[R] LangDiversity_ software to identify LLM errors.txt,Reddit_posts,37.131313,0.37131312,0.3031096
[R] Master Thesis on Bayesian CNN using Variational Inference and Application using PyTorch.txt,Reddit_posts,59.158306,0.5915831,0.3824517
[R] Model Learning with Personalized Interpretability Estimation.txt,Reddit_posts,39.830883,0.39830884,0.26770627
[R] Neuro-symbolic Neurodegenerative Disease Modeling as Probabilistic Programmed Deep Kernels.txt,Reddit_posts,43.201527,0.43201527,0.31798032
"[R] New paper_ LLMs don't have privileged self knowledge, which means we can efficiently train a General Correctness Mod.txt",Reddit_posts,34.052956,0.34052956,0.2217468
[R] PhD scholarship at Victoria University of Wellington in machine learning for Volcano forecasting.txt,Reddit_posts,30.914057,0.30914056,0.20361254
[R] ProSelfLC_ Progressive Self Label Correction Towards A Low-Temperature Entropy State (v2).txt,Reddit_posts,43.063606,0.43063608,0.32661876
[R] PyTorch Implementation of the Natural Posterior Network.txt,Reddit_posts,51.91925,0.5191925,0.37077194
[R] Safe Reinforcement Learning with Model Uncertainty Estimates.txt,Reddit_posts,41.6642,0.41664198,0.32736063
[R] The Functional Neural Process.txt,Reddit_posts,44.424076,0.44424078,0.31824395
[R] Theoretical limitations of generalization bounds.txt,Reddit_posts,33.10689,0.33106893,0.2386255
[R] What is the best method for model uncertainty_.txt,Reddit_posts,64.447334,0.6444734,0.50136685
[R] What is the best way to quantify the trade off between model evidence and parameter uncertainty in the dynamic casua.txt,Reddit_posts,44.431072,0.44431072,0.39105815
[R] What’s your suggestion for offline RL_.txt,Reddit_posts,33.03278,0.3303278,0.25077835
[R] When an LLM is apprehensive about its answers -- and when its uncertainty is justified.txt,Reddit_posts,42.879463,0.42879462,0.32455024
[R] Work In Progress_ A Drop In Replacement For Softmax With Uncertainty Calibrated Scores.txt,Reddit_posts,49.45504,0.4945504,0.36566395
[R] Work in Progress_ Advanced Conformal Prediction – Practical Machine Learning with Distribution-Free Guarantees.txt,Reddit_posts,42.70552,0.4270552,0.37449783
[R] “Evaluating Deepfake Detectors in the Wild”_ Fraudster Attacks (ICML 2025 Workshop paper).txt,Reddit_posts,34.216602,0.342166,0.2516548
[R] 📘 New Release_ _Practical Guide to Applied Conformal Prediction in Python_ - Master Uncertainty in ML!.txt,Reddit_posts,53.481216,0.53481215,0.4319126
"“Good at practical ML, weak on theory” — getting the same feedback everywhere. How do I fix this_.txt",Reddit_posts,30.797768,0.30797768,0.18205112
