filename,cluster
007b16cd618a4e1b0b9eaf4b288966f8.txt,0
011795baacda8e586a4c1f916e5b29c5.txt,0
016d23a32a0eef724351c69483ee2ccd.txt,0
01e50e539c106c160a598f80086d5f44.txt,0
02a40ec0d422defc097be73357996df9.txt,0
02c5c467ccab66baf41577f0ade0f6f4.txt,0
035e258f2bab9bccbe2824302d0a32b9.txt,0
053e6eb198456819201b97b93d1d21f1.txt,0
078914ca0bad39f883eb53fe048bd462.txt,0
07a44be60be0c997665b8a7eb0e07282.txt,0
07e07876d62c98948919a90d2874b250.txt,0
08d3e9371b6e0ac65113894af790e7db.txt,0
0a03edf5c9cfee1d84fa9bef146682d9.txt,0
0a1a21356f234848813903bdb3f76c0f.txt,0
0b0eeb75484c99397370fd2fc0a0a3cb.txt,0
0bb7880e9594c45a0d9afe8f1b4c87a6.txt,0
0be50495d2543eebf0a55572214e8df9.txt,0
0c335a2a1e9ede381b65cd483e54c5d6.txt,0
0dfcbd3e9cdf15b7ec88867ee03e45c8.txt,0
0e578140909cbf24fd82f1fa6b28316e.txt,0
0ea073361597e752f0c82680abc72cd9.txt,0
0f626f15e7eef56a43f2cd869830b6e7.txt,0
0f8ff5c9e5d1c9378aaca4088e681a52.txt,0
0f9a525680888e4dedf2c412ba4a6757.txt,0
10aacf6fa85ed6e1e9d3505e220be16a.txt,0
11530ef7603e3145792d9ee22ad53e97.txt,1
116c86e6c8fe946944dbfe0cb5c46fa3.txt,0
11bb73f9820e02a7c91d6f79dad3ab51.txt,0
11e3aa2f9ee12950f821b53d08490065.txt,0
123132f6d60f6c4a2252ccd1c0a739a0.txt,0
137a59b48d19bd266250c72f82b611d0.txt,0
13d3993480078a98e255208410b8cc5d.txt,0
14d089bccc519b267f5ddce2fe782239.txt,0
168b7400fbca1c73441ca27d4ea7e34e.txt,0
17a75e12c1a232be88255e3508a9752f.txt,0
185acdb34c779df53eccf1e803fb0542.txt,0
1a64cfc72e53689b2a8679569d3065f3.txt,0
1ac24ef3320b5ff9040b59a8bd7d2a8b.txt,0
1b95e78ed8a21c3ea6ebb99233b2154a.txt,0
1d4b486ca37074a6f9ec13201ff6c911.txt,0
1e9e3b2edbd2fe53a680aea7fc4e8bd2.txt,0
20eb4c0e481e1b0938f736080fd9ed90.txt,0
214e3efd8f32ac2388118a07c4c7b9ce.txt,0
218ca446bef81f4184761cecee7c9373.txt,0
21951fcd62ee3c04d8078cda65ad05e0.txt,0
2539406e10744f2aee4aa82abb3e5c23.txt,0
25916810e8d7565f8c934256bb28e2f1.txt,0
275213c7ad47e8405e795acb461c9172.txt,0
2809e44f3cc66297102227c08d74befe.txt,0
284f460d505e04eb2f910cd991e18823.txt,0
28fa20fe18cf992ca6d989c7b9855709.txt,0
29b89aa44a1624af6ed813fe21f0a9f6.txt,0
2b0f2c38a0ad4b10e38481723770f89a.txt,1
2b61c1892476d4e2789790d03718d246.txt,0
2bcc30502b42f2888d4a8c173a06fbde.txt,0
2c483bf4631cc5d29d66bce865f8ba70.txt,0
2d314d455a62d17fad9e8a84dc78bcc7.txt,0
2d3804a9485c5a9b60f0f9bb95d7a32b.txt,0
2d3d151c7006989b3a211fe5a6877582.txt,0
2d7537b953ea74e8f091e1e4ccc86bf5.txt,0
30eb4c6eed5694df2bf6ede7b5316550.txt,0
31c1ad757f8ed0640b4bcc1c1038116d.txt,0
31c5e8464f5ba41402a1f3f8ef20b2d6.txt,0
32013230d535081422353d0061a90530.txt,0
32902304c81e1265b2c34b50e929abba.txt,0
32aecc3380337b52e758bfdea549477c.txt,0
334ae44c6285b8ebe8df2327a4e0d3fc.txt,1
33ac6881d5f2f993a971794f9d116a4c.txt,0
33b22e84503f85a5788c8666d39abf83.txt,1
33ff8bd44c50302e1f44ba78af715cb3.txt,0
35c60251ab228193dbff6aaae87e638a.txt,0
369cb7f37327b160be0799b5dc241f27.txt,0
36a7ca2470443318bcbd19ac8e94f925.txt,0
374e1f50d736014ee1a9176db357c264.txt,0
38d544d70b80039ab74eb26b06d62219.txt,0
390ca9f43f3c28e9acb1fd87fdfd2831.txt,0
3b3d2ecffd02818509da9ce03cb6c85b.txt,0
3b7076c2a5322e788609c29e9f6cbcd1.txt,0
3c87f063f8e9dda4e20de2c79ae736c7.txt,0
3c8abbb7a4339594fde2e98ba425e6da.txt,0
3ca225ef4d4af995ace34101fd3d3e56.txt,0
3cb99033f35276df8c1a550d122e01c5.txt,0
3ccbb54de275536308e848393f7e0680.txt,0
3d2c1e7f2b9a2a804eecafeca7305186.txt,0
3dfd6d2ed1c7e1a3c7473b2390940903.txt,0
3e6c94b7087b9b557de36ea211840405.txt,0
41004e6364426158b78af2395e63cb0a.txt,0
4101eaae35c245912a5364f30b619d18.txt,0
41519f91de7be1370e6a74769f71fd6c.txt,0
41e23d3f4597f28872a73e0a090e6590.txt,0
4209c12c76e54a587cccac3856de84ff.txt,0
42fbbaeb9d28e7a34e97cf0f14ce9dcf.txt,0
441be9916ded7ef4bff38193aed4bffd.txt,0
44b261eb80607a258ea0ecce4700d5f8.txt,0
459ed918a79d9ab7e789caceaa1cb3ee.txt,0
46a0d1ff1e69ac9d665c94bf43677f23.txt,0
474ea51aa1945b0c227841a938b45c2b.txt,0
47d55b2c51e3d9ca549d68aa8a0d4279.txt,0
4862bc18a2e7f9e4f38367dd5097aeca.txt,0
496dc6a49d6d3a3f0d5da078b5bc1f4e.txt,0
4985f6752cf19473f1e603fabe0c7261.txt,0
499029f65098f440e725dd426b6153bf.txt,0
4a119418b79a385d8c6e78974d8fb805.txt,0
4b1300271aafd0fe363765ff5919bce9.txt,0
4b339b113618538cb43be248d51ac877.txt,0
4bdd6e936d9e763df7783c6f4abe40e9.txt,1
4c1bd10a7ec6f07407c3236e30b4d213.txt,0
4c21104e96dd601684f94db1a37baf75.txt,0
4c4eaf95685b02771b025a58d5da1dbe.txt,0
4ca4c56662ac165ffe32f0cd998174af.txt,0
50c31eda8bdfebe160c24c99b7a7c62e.txt,0
5142d695a5dfc6b917f478ed3a92140a.txt,0
5195b9c9987f1afd574967aa67eca245.txt,0
522188a68cdde8abc5320b4fd91791c0.txt,0
5269b8a8e6286476b9281914867fe29a.txt,1
52b1db2800db819e765b310939fce33e.txt,0
531db72ec7251be77d3cf0e9422d3af0.txt,0
53534cc9b9fca4da4f7782f2b6ab7f0b.txt,0
53e3709e0aa9a4ac3d80ed820e69ba2e.txt,0
547f1a8600a5249c910523df89d927ee.txt,0
56203993cd555738c5e9a31009673d1f.txt,0
566bf750d88f936878801dd3f2c69327.txt,0
57248fb2ac11847438d6661b75d2384c.txt,0
594dbc9fde1c51dfa685ae86aced43a1.txt,0
5a1de90b57afc060107facbec21196f5.txt,0
5beaf8d29f8b21e3ff22f4ec19e5ded5.txt,0
5bfc62583c11dae08e7ff329da7d57b3.txt,0
5cf70d9296a18d8bfb47cd24c0534d91.txt,0
5d2f9ffbe71d4c4663e6998e5192ea63.txt,0
5ef0b6d1826170c349851e26b0611d6b.txt,0
6033c3a3e74fbce38144d0b3a51a8362.txt,0
619cd5de5161d015b9be9f976312b110.txt,0
61c5b6000f51176eba93fcb8243389e7.txt,0
61dcc8ee80bac63cedf72df435fea338.txt,0
625dda1773453b11d6fa276ea1233c41.txt,0
63ac5b6ef7be9f6659d6bff3914be9b9.txt,0
646297672cbcb9b8666ae768a26ad74c.txt,0
65c1cf1ca366d1c555d49e95a6276c12.txt,0
65fff493579309f37a1ad6be664eaf0f.txt,0
6667411537d00025a2f865cf8c017e97.txt,0
66dc8894ff61f239e5bdb61a20cc53df.txt,0
677fd61548587915ff0984519bc206c4.txt,0
67faa8eba630c66bcfd5e44b1a20beda.txt,0
6987af78f5465d2f733cc37e6fa4c5bc.txt,0
69979b2db7645df17e2204a6321f9928.txt,0
6ba5c5578305d70e927e995ca6203ae3.txt,0
6d712b68ba2cf518f080467a0eab2d91.txt,0
6eb98ca593cb0998ea51267392d2abf7.txt,0
6edbb0817e32d4f0eefd99c371ac2caa.txt,0
6f3acdbf645b6b921667f85de0de1830.txt,0
70013384465e9847535206127ced5e0c.txt,0
70951d2a73eca893e39a06273e8cb200.txt,0
70f44f4587f5c93b788967a87ab53b0e.txt,0
71167e857ffcd3fd6b7626754be9e4f7.txt,0
716ebb50a5ba14073bba451e40fed730.txt,0
72511ff50700e5a9527fcffd38e84849.txt,0
726b32fce268d4c438cf2a64673ee771.txt,0
741090c0f53e0ab27c6c37ab44cd7d7c.txt,0
74a5b3626ec328065135da49537e2091.txt,0
7516f60a7071f0a14a0ed531801f0636.txt,0
751c34bb6edf8351fbd2b3a63822315f.txt,0
75468e8a87cb1f3c4f867bd1c4c83a58.txt,0
77ec9907476fec7396b8fa3d7c20a64d.txt,0
79971614bc793d79e08cfc521a2fa1fe.txt,0
79cf5c093d55e375c8922d9d20ee3a59.txt,0
7ba58cada98ac121a1180789c3c7eeab.txt,0
7c2aaad80124ccf6118b2ca0085ca6a5.txt,0
7d5ddefa52bef7e6a90ea02d60ce29b1.txt,0
7f4caaa64bae2c6b0062a7e48527388a.txt,0
7fec04e123e5b90c1a7d09c10b10970a.txt,0
80b4028125c3c6faf38867e2fee53e31.txt,0
80e66cbc178b865705f4b6b00feda6f3.txt,0
81a7d5e8d738150fe59de8991deb63ce.txt,0
823128c36109a1c60bd5d57064a70152.txt,0
83812c4cd30d335411d974ec7dde3cbb.txt,0
838f66d536b9b41a32bfe1acea7e0587.txt,0
83c548257a7670f6685e804aaaf99846.txt,1
851905dc2245cc49ace25cd8cd5dfef4.txt,0
8653403f2c242f38e06ad66fed0ec662.txt,0
886393534a431c73843c73ae1c421b45.txt,0
887ee4bd2d064355b326516d77b22a31.txt,0
88a1d4fd44d90d22dddf2ad021d38150.txt,0
8ac998911c20f3d9074136c378e4214f.txt,0
8b6722570db49874b80872fff7fa978f.txt,0
8d61dce19c8726a623efb5eae1954ba1.txt,0
8e393902da3bf500443c2c7b573553a5.txt,0
8fef990f148ffa0238ab43a5c7ae9055.txt,0
901c874015444bfa0158fa9c95d807ae.txt,0
9066f429616dc377c4900c727c362811.txt,0
91720b936c7cb6f3278fce0b51e6ac0f.txt,0
920197886a713011a5274f61cb010815.txt,0
923bdde7f092286136841faf4dc07ac8.txt,0
92788e3fdb0a18615bd0493b802464f8.txt,0
9285be88376cfad9114ba999a84b906f.txt,0
92a59efa9ca19d142cf52b87a4c9ad47.txt,0
930a6f0c42faa465ee2caf7f7216f96d.txt,0
936708aa70858a136d602d5b7bbd1fdc.txt,0
93ac03d871a254caf0de865752a05885.txt,0
94191bc94f274f9fe442a317ac969bb3.txt,1
946fd183beb3b7d516641c02dc2c8779.txt,0
95e8fb3447dd3b8be3d196128e7c2499.txt,0
96a0c74a1567da7db4a859d633343e27.txt,0
96c76bfa9e3a009d4b2342c9dbda8633.txt,0
9719a48784f5357da7127730b90779e4.txt,0
979c9ab71a5abba5c2782c1960c051d8.txt,0
980fcd68b8dffc05a5307b827ac1a9c7.txt,0
9ada0c062df9136a77752442defccc64.txt,0
9b2b4e137a4f7966ee159a8719cb5ea5.txt,0
9b3ac202e445680942d897d62dc62f54.txt,0
9be0e42785eecc32940119ebfaa6ce87.txt,0
9c7b88a8266c8f7911b12620cb939963.txt,0
9cbe490ff3852a47d3804aafc9c7c39c.txt,0
9f704067c703f431bdd1b476e184bd36.txt,0
9fc71534b3e481fadd9954a051337e0b.txt,0
A friendly starter paper - Entropy-Guided Loop_ Achieving Reasoning through Uncertainty-Aware Generation [R].txt,1
A friendly starter paper - Entropy-Guided Loop_ Achieving Reasoning through Uncertainty-Aware Generation [R].txt,1
a018fe7b0472fc495ad4e257597f2958.txt,0
a0b9492ea0d1a824368b7433dabb3870.txt,0
a0eacd2e453bd08136695eab8d02799f.txt,0
a167d3f1a986b3ba249e830a4267a746.txt,0
a18f7713b33230546eeb6be6559facb4.txt,0
a1d1de1afaf18c5cfe6866d572a873a7.txt,0
a20198865589a642508a08bae70940d4.txt,0
a289aebb278e74455c1b04b9d9e73c73.txt,0
a2e710f2f1c1d0e30ea0a973c6b7dc5d.txt,0
a3b0e42ee165476c74ff30e4e9e8ca4b.txt,0
a4a2b24aadb6012e4691bc2453602b4a.txt,0
a52be604d5649dcb7812123e686d4c96.txt,0
a6134d7a7b94a38cf6da31fd62615b28.txt,0
a646d0680ef4b0daf74bcb0c61f98c11.txt,0
a712640d6759a1748db7b1cd22782aaa.txt,0
a806bc8d6b64b729aa052ff20edeada2.txt,0
aa7c5e926b7475a269c59fbb6a6ac833.txt,0
aab84c3956105c2ffd7cb89c5da1fafd.txt,0
acbcbd4392d24cb35295d4ae1f4a3ba0.txt,0
Advice on labeling this type of image for machine learning_.txt,1
Agile for data science projects - thoughts on making it work_.txt,1
"All the wrong things with predicting purchase, churn and similar targets in digital marketing.txt",1
"All the wrong things with predicting purchase, churn and similar targets in digital marketing.txt",1
"All the wrong things with predicting purchase, churn and similar targets in digital marketing.txt",1
Artificial life simulations.txt,1
b11a48da772c1177834765c99d53687e.txt,0
b211a50b76be329b964bc00bd82fb2ba.txt,0
b34f422d4bc7e0c4e75da1916c8b7a50.txt,0
b35025b0453ce2262a7567b93cdba407.txt,0
b4a327a94350045f8093c3e0f63e5b78.txt,0
b5304b5ef208ebe2efbf7c75f21160e7.txt,0
b5dcc1556c78adde1707490cd7b6d81e.txt,0
b63404604843f8f21ea770950dc4bd6f.txt,0
b645014e24318612fe3e72eaa2fd3b26.txt,0
b69157d2cfcfba5ec1ddce23807e2c4d.txt,0
b7adcf2fd4e622de02d49ca9ab28a8c3.txt,0
b7bb352dbf8d553b10613abd65238567.txt,0
bb13dc4e5880240af79d32526a921887.txt,0
bb2962ea804d09c3de192d6d375324f9.txt,0
bb315c7e3afd379c9e946d436c15666a.txt,0
bbe5595ca9450c3d443c28c885bcd67f.txt,0
bce8d2b21385c4a1777ca7ad23ee033e.txt,0
be8bcbd7991e4073df02eb6943168f55.txt,0
bf31a763252e31c17d817a89dfff0d46.txt,0
c17a7a446ccdd3dbe45cf90643881108.txt,0
c1dbf064d5702e315610fd57d9de584d.txt,0
c2fa58e0956e309f319f0de37e549081.txt,0
c2feadf27fb2f8e351d2713642667b5a.txt,0
c377e60d730eb2a1748edb220e8f515e.txt,0
c60aaab5c1bf9b853d485c131678c419.txt,0
c6a8ccd358891865f1baafab80e97da1.txt,0
c6c173fe0107561f2e8b5a227100e4ca.txt,0
c6e7e31f1edd53f184770b03d7cd876e.txt,0
c8cb86fe535f956c2acb371a8cb4f25b.txt,0
c9d231fe2a82461e9f19d17616a018a4.txt,0
ca02f11482f289574d40bfd1a081030f.txt,0
cc7188d9aab96bf9091bb303052fe44e.txt,0
ccff7749c92e8d05315dab384270fd01.txt,0
cd5ec71f369c2decdf9433e9b5e9e3ac.txt,0
cdc0cfd768d16a52be3a74a7b18ce7de.txt,0
ceff0fc841415d66fa132141b0e36375.txt,0
cf374bf2c7d7b0f98282d397111cb7b6.txt,1
cf73c3df5ac0bd869495f1d527857be2.txt,0
Conformal Prediction with Python (Uncertainty Quantification in Time Series Analysis).txt,1
d0b33729ce091ace3ca8cd1b28f7360f.txt,0
d0d52d310e96d2d951922d0a3392e8c6.txt,0
d18dd824758db0288ccd89754d418419.txt,0
d1bf97a591d63daea78799245866be5e.txt,0
d2c329c258db2fcd03e7df6875a6b291.txt,0
d3d8459cce7847c58c485806291c0a9a.txt,0
d440a866e7d5d30fa77099a031b48b6b.txt,0
d58e6c1c81b2590088fd8ba3c2317aee.txt,0
d5a78c8f47ceef6b0dc3b9271dc3f8ba.txt,0
d727c8379780b0910bf9070c4d498986.txt,0
d746b7bef77abbbbcf90db6fcc2352bd.txt,0
d90ab549537a6706a550d07b994dfda4.txt,0
d987c0b53ed14db522f281a8ad825d5f.txt,0
d9f8da2f8d118d9fa88585d0b37f7f48.txt,0
da2155cee94b33843d6877dc952a5d4e.txt,0
daa3356cb2ac2d2e700f914605225578.txt,0
Data Learning Model Interesting Find [Cancer Reference].txt,1
db35646415ca90c316e9686a78e1f453.txt,0
dbbce2e59d88935dce3c827c5778e8f5.txt,0
dc34206ef4b0290ef1b11805d3be887c.txt,0
dd1e44e17387fc66a57824b2d32fdc4b.txt,0
dd1e7b1944ed97dc06df23d59879b38a.txt,0
dd4cac33c6c6def3006fb03b0189617b.txt,0
de7df803d7c2caa67c0cc6505771fd9c.txt,0
Decoding LLM Uncertainties for Better Predictability.txt,1
df3fa22776a843853bbcaf9615d54e84.txt,0
dfa0501d8057dbf07217e82cfea64d55.txt,0
dfdf171e85c3f5524a96ef932499ce6b.txt,0
Does anyone use systematic uncertainties anymore_.txt,1
Does anyone use systematic uncertainties anymore_.txt,1
e07f09bd983615241ca4a6ad20720ddb.txt,0
e105835f166a2e11e8df9a80d5c06f46.txt,0
e23efc816032bf80db7432fbde6fd86a.txt,0
e2dda26a8b0c5b45b93ef9f168626b83.txt,0
e2e33231902dfb2aa0147fa8ef9d364b.txt,0
e41309d82a6df557940e439b807045c1.txt,0
e4569785ad9428b441da82be22e0b09e.txt,0
e4f5f1b14de072596e67fd41f535dc3f.txt,1
e52ec09216efa6277430825bba136e8c.txt,0
e57e1d75b4a040c3c891a90f5796b48a.txt,0
e58723117bf436ed980ed877fcbfe73c.txt,0
e5b301e8e7158542f16116035c879cd2.txt,0
e73c15a79c193724a29ddcabaaba421b.txt,0
e8efe9487c9950f95e8e0137dd05468a.txt,0
ebaee27e93161b4210c03431d246e95a.txt,0
ebb5b0af1c5dc1ae8c454b13fa8c4218.txt,0
ec740deb23a1c4b3549d3b9d1487b9b8.txt,0
ed062b733f461ea29048f89daac58cd8.txt,1
ed1f0d2688cbbac1b1a3c5fe9b192b44.txt,0
ed49a2207e16c9df7caf3c255a0849af.txt,0
edf596ae8ff281f6f2d52aa908e8d4cd.txt,0
ee6e9e04c21e087585db60b5b01e6ab2.txt,0
ef3b92ff9a321f772b1b6df2beda15a5.txt,0
ef49b0fa91d0dab246b18c829ff65f33.txt,0
Epistemic uncertainty really could reflect the state of the model_[D].txt,1
Evaluating Bayesian Optimisation search efficiency and uncertainty.txt,1
Everything I've been doing is suddenly considered AI now.txt,1
Examining uncertain predictions on the training set.txt,1
Explainable AI Scepticism.txt,1
Explainable AI Scepticism.txt,1
f098cccc46a697920fe140d1c74accd5.txt,0
F1 Steering Angle Prediction  (Yolov8 + EfficientNet-B0 + OpenCV + Streamlit).txt,1
f232689360442480c3692e6440f89140.txt,0
f3fbc93d73b8c969363e1c0221735aef.txt,0
f4bdbcfb0d08650355cafef7b3b5953f.txt,0
f55c2f2f0d1b35688228d72b7c4272c9.txt,0
f566a0c5e0cc8a13d3e9bf5766f1635b.txt,0
f579555b14ec77253734f525e3887a68.txt,0
f7a01cf3ae7babe804fec16f30f2ee75.txt,0
f7c3014a03268599729b33d3792d9320.txt,0
f7e31b9aad6726022e80061e663c5a54.txt,0
f931e8bcb457787d5e8da6d429bcb127.txt,0
f95c2d49bbf12dbd38deb75617a5341f.txt,0
f987b6d68d01f10d36a21ca14bae482f.txt,0
f9ad3783d9216aa9346f6bb856c66ccc.txt,0
f9f8071c487d6af73169db6149e6ac46.txt,0
fa186a76e61a477600808fb7873f181e.txt,1
fb40e8bccfc6ca38e5dc7e2e6e12347e.txt,0
fc3fcdbd23a1fc6332160de9a2927592.txt,0
fc62f010804dbed21af4b8ab99babdcf.txt,0
fc8862d0fe221a23fd131eab93cf6de0.txt,0
fca34b17c7cd5971b1576859dbb9c86d.txt,0
fe457ee51b6a17558b97e4be2838fc0a.txt,0
ffae627ade397306938067d22b73412b.txt,0
Gaussian Processes for Mixed Continuous and Categorical Inputs.txt,1
How alive is traditional machine learning in academia_.txt,1
How alive is traditional machine learning in academia_.txt,1
How Does a Model Detect Objects in Images of Different Sizes_.txt,1
How I lost 1000€ betting on CS_GO with Machine Learning.txt,1
How I Use MLflow 3.1 to Bring Observability to Multi-Agent AI Applications.txt,1
How I Use MLflow 3.1 to Bring Observability to Multi-Agent AI Applications.txt,1
I need career advice (CV_ML roles).txt,1
I need career advice (CV_ML roles).txt,1
Implementing a CNN from scratch.txt,1
LangDiversity_ software to identify LLM errors.txt,1
Looking for a Blog post that small image resolutions are enough for CV_DL.txt,1
New Grad Data Scientist feeling overwhelmed and disillusioned at first job.txt,1
New Grad Data Scientist feeling overwhelmed and disillusioned at first job.txt,1
New Online Course from MIT_ Probability - The Science of Uncertainty and Data.txt,1
Practical bayesian methods MOOC.txt,1
Query - Confidence Interval.txt,1
Question about using predictions to generate new training target data.txt,1
Representing Model Uncertainty in Reinforcement Learning and Classification_ Are Bayesian ConvNets Harder to Fool_.txt,1
Reproducibility standards for machine learning in the life sciences.txt,1
Ressources for Bayesian time series_.txt,1
Should I attempt to do machine learning project without business need.txt,1
Should I attempt to do machine learning project without business need.txt,1
Should I attempt to do machine learning project without business need.txt,1
Simple Multiple Choice Questions about Machine Learning [D].txt,1
Simulating a single human neuron..txt,1
Stats vs ML Pedagogy.txt,1
"Struggled with the math behind convolution, backprop, and loss functions — found a resource that helped.txt",1
The Mathematics of Machine Learning.txt,1
The Mathematics of Machine Learning.txt,1
The Mathematics of Machine Learning.txt,1
The Mathematics of Machine Learning.txt,1
Variation of MSE loss for regression tasks.txt,1
What is the best way to quantify the trade off between model evidence and parameter uncertainty in the dynamic casual mo.txt,1
What questions do data-literate professionals ask_.txt,1
What’s the Best AI Model for Differentiating Jewelry Pieces with Subtle Differences_.txt,1
Why Language Models Hallucinate - OpenAi pseudo paper - [D].txt,1
Why Language Models Hallucinate - OpenAi pseudo paper - [D].txt,1
[Active Learning]Confused about retrieving uncertainty scores from an object detection model.txt,1
[Discussion] Batch active learning with Deep Neural Networks for regression.txt,1
[Discussion] Bayesian NN with Neural Ordinary Differential Equations.txt,1
[Discussion] Bayesian NN with Neural Ordinary Differential Equations.txt,1
[Discussion] Bayesian regression with noise injection_.txt,1
[DISCUSSION] How do the different versions of the bootstrap work with deep neural networks_.txt,1
[Discussion] Modeling uncertainty using deep learning models.txt,1
[Discussion] Modeling uncertainty using deep learning models.txt,1
[Discussion] Uncertainty propagation in LSTM-based RNNs.txt,1
[Discussion] Uncertainty propagation in LSTM-based RNNs.txt,1
[Discussion] Understanding Tensorflow Probability .txt,1
[Discussion] Using uncertainty in raw labels in loss function of model.txt,1
[Discussion] What are SOTA Uncertainty Quantification Methods for Neural Networks_.txt,1
"[Discussion] What exactly are World Models in AI_ What problems do they solve, and where are they going_.txt",1
"[Discussion] What exactly are World Models in AI_ What problems do they solve, and where are they going_.txt",1
"[Discussion] What exactly are World Models in AI_ What problems do they solve, and where are they going_.txt",1
[Discussion] Wiki-style Bayesian network for medical diagnosis.txt,1
[Discussion] [Research] Variational Bayesian Inference vs Monte-Carlo Dropout for Uncertainty Quantification in DL.txt,1
[D]  Uncertinity Quantificationfor time seriese prediction (RNN)_.txt,1
[D] A MoE Model of Manageable Size for Initial Experiments.txt,1
[D] Any good works on uncertainty estimation in imaging tasks (e.g. segmentation)_.txt,1
[D] Bayesian Models vs Conformal Prediction (CP).txt,1
[D] Best practices for Bayesian Deep Learning.txt,1
[D] Best Way to Measure LLM Uncertainty_.txt,1
"[D] Beyond the cloud_ SLMs, local AI, agentic constellations, biology and a high value direction for AI progress.txt",1
[D] Capturing forecast uncertainty for a SVR model.txt,1
[D] Comparison of the Model prediction uncertainty of two different models.txt,1
[D] Confidence _ may be _ all you need..txt,1
[D] Conformal Prediction in Industry.txt,0
[D] Current ML Engineer Searching for Career Advice.txt,1
[D] Current ML Engineer Searching for Career Advice.txt,1
[D] Data augmentation with ambiguous examples_.txt,1
[D] Difference between probabilistic and Bayesian approaches for modeling uncertainty_.txt,1
"[D] Does prediction uncertainty of prediction depend on the choice of model_ (for example, a Random Forest, Gaussian Pro.txt",1
[D] Embedding Ethical Priors into AI Systems_ A Bayesian Approach.txt,1
[D] Embedding Ethical Priors into AI Systems_ A Bayesian Approach.txt,1
[D] Embedding Ethical Priors into AI Systems_ A Bayesian Approach.txt,1
[D] Embedding Ethical Priors into AI Systems_ A Bayesian Approach.txt,1
[D] Embedding Ethical Priors into AI Systems_ A Bayesian Approach.txt,1
[D] Embedding Ethical Priors into AI Systems_ A Bayesian Approach.txt,1
[D] Embedding Ethical Priors into AI Systems_ A Bayesian Approach.txt,1
[D] Embedding Ethical Priors into AI Systems_ A Bayesian Approach.txt,1
[D] Estimating uncertainty using dropout at inference only.txt,1
[D] Have any Bayesian deep learning methods achieved SOTA performance in...anything_.txt,1
[D] Have any Bayesian deep learning methods achieved SOTA performance in...anything_.txt,1
[D] How do you measure confidence_uncertainty in tree based ensemble models _.txt,1
[D] How does everybody statistically compare different NN training methods over multiple test datasets with different nu.txt,1
[D] How to incorporate data uncertainty in Neural Network model_.txt,1
[D] ICML 2019 Machine Learning Talks.txt,1
[D] ICML 2019 Machine Learning Talks.txt,1
[D] ICML 2019 Machine Learning Talks.txt,1
[D] ICML 2019 Machine Learning Talks.txt,1
[D] ICML 2019 Machine Learning Talks.txt,1
[D] ICML 2019 Machine Learning Talks.txt,1
[D] Intersection between active learning and model calibration_.txt,1
"[D] Inverse machine learning_ What if we knew the actual model, how to infer the parameters_.txt",1
"[D] Inverse machine learning_ What if we knew the actual model, how to infer the parameters_.txt",1
[D] Is it possible to also quantify _epistemic uncertainty_ for denoising diffusion probabilistic models_.txt,1
[D] Leveraging Dropout for Uncertainty Quantification _ Adversary Rejection.txt,1
[D] Linear model for variables that have an associated uncertainty.txt,1
[D] Literature_blogs introducing the idea of uncertainty in Machine Learning models from the basics_.txt,1
"[D] Loss Function, Uncertainty.txt",1
[D] Machine Learning _ Explaining Uncertainty Bias in Machine Learning.txt,1
[D] MCDropout and CNNs.txt,1
[D] MCDropout and CNNs.txt,1
[D] Monte Carlo Dropout for pretrained model.txt,1
[D] My custom DynamicNeuralNetwork hit 2.63 total loss on ARC‑AG1 at 0.6 epochs—projected 78% exact‑match validation bef.txt,1
"[D] New Episode of Learning from Machine Learning _ Lukas Biewald _ “You think you’re late, but you’re early” _ #13.txt",0
[D] Outlier analysis in machine learning.txt,1
[D] Research on predictive uncertainty _ confidence_.txt,1
[D] Research Topics in Conformal Prediction.txt,1
[D] Research Topics in Conformal Prediction.txt,1
[D] RL_ GANs as MCTS environment simulator for deep model-based planning_.txt,1
[D] RL_ GANs as MCTS environment simulator for deep model-based planning_.txt,1
[D] RL_ GANs as MCTS environment simulator for deep model-based planning_.txt,1
[D] RL_ GANs as MCTS environment simulator for deep model-based planning_.txt,1
[D] RL_ GANs as MCTS environment simulator for deep model-based planning_.txt,1
[D] Seeking advice on choosing PhD topic_area.txt,1
[D] Segmentation networks for biomedical applications_.txt,1
[D] Should I learn Probabilistic Programming if I'm an prospective Data Scientist.txt,1
[D] Solo machine learning engineer woes.txt,1
[D] Solo machine learning engineer woes.txt,1
"[D] To those of you who quit machine learning, what do you do now_.txt",1
"[D] To those of you who quit machine learning, what do you do now_.txt",1
[D] Train a model from multiple data sources with different uncertainty_.txt,1
[D] Trying to understand Concept learning _ Some questions based on Tom Mitchell Chapter 2.txt,1
[D] UNCERTAINTY IN GRADIENT BOOSTING VIA ENSEMBLES.txt,1
[D] Uncertainty Quantification in Deep Learning.txt,1
[D] Uncertainty Quantification in Deep Learning.txt,1
[D] Using gaussian processes with varying uncertainties_.txt,1
[D] Using LLMs to extract knowledge graphs from tables for retrieval-augmented methods — promising or just recursion_.txt,1
[D] Utilizing Uncertainty Estimation to increase Auto-Label efficiency for Active Learning.txt,1
[D] What are some good alternatives to Monte Carlo Droupout that you've come across_.txt,1
[D] What are some good alternatives to Monte Carlo Droupout that you've come across_.txt,1
[D] What exactly counts as “uncertainty quantification”_.txt,1
[D] What is the current consensus on the effectiveness of Active Learning_.txt,1
[D] What is the current consensus on the effectiveness of Active Learning_.txt,1
[D] What is the current consensus on the effectiveness of Active Learning_.txt,1
"[D] What is the current state of the art in confidence scoring, calibration and out of distribution detection_.txt",1
"[D] What is the current state of the art in confidence scoring, calibration and out of distribution detection_.txt",1
[D] What is the difference between Confidence and Uncertainty of a ML model _.txt,1
[D] Where to start learning about hierarchical Bayesian models of behaviour and the hierarchical Gaussian filter_.txt,1
[D] Why is the predictive variance of Bayesian models can be interpreted as epistemic uncertainty_.txt,1
[D] Why is the predictive variance of Bayesian models can be interpreted as epistemic uncertainty_.txt,1
[D] Why is the predictive variance of Bayesian models can be interpreted as epistemic uncertainty_.txt,1
[D] [P] Variational Inference for Neural Network Weights in High-Dimensional Spatio-Temporal Models_.txt,1
[D](Active Learning)Confused about retrieving uncertainty scores from an object detection model.txt,1
[N] A Gentle Introduction to Conformal Prediction and Distribution-Free Uncertainty Quantification.txt,1
[N] Call for papers_ ICML 2020 Workshop on Uncertainty and Robustness in Deep Learning.txt,1
[N] Call for papers_ ICML 2021 Workshop on Distribution-Free Uncertainty Quantification.txt,0
"[N] IBM Releases UQ360 AI tool, An Open Source Tool To Measure Model Uncertainty.txt",1
[N] Laplace’s Demon_ A Seminar Series about Bayesian Machine Learning at Scale.txt,0
[N] Machine Learning Reproducibility Challenge (MLRC) 2025 happening this month at Princeton University.txt,1
"[N] The Moral Uncertainty competition_ $100,000 in prizes for training ML models to identify ethically ambiguous scenari.txt",1
[N] Tutorial on Conformal Prediction and DFUQ Part 2_ Conditional Coverage + Diagnostics.txt,0
[Project] Library for offline model-based reinforcement learning.txt,1
[P] chess-cv_ CNN-based chess piece classifier.txt,1
[P] cleanlab_ accelerating ML and deep learning research with noisy labels.txt,1
[P] Data Efficient Reinforcement Learning with Probabilistic Model Predictive Control_ Opensource Implementation.txt,1
[P] Deterministic Objective Bayesian Analysis for Spatial Models.txt,1
[P] Deterministic Objective Bayesian Analysis for Spatial Models.txt,1
[P] Discussion about an Open Source Project_ FinRL A Deep Reinforcement Learning Library for Quantitative Finance.txt,1
[P] Discussion about an Open Source Project_ FinRL A Deep Reinforcement Learning Library for Quantitative Finance.txt,1
[P] How would you measure uncertainty in a classification task_.txt,1
"[P] ICML2020, NGBoost_ Natural Gradient Boosting for Probabilistic Predictions.txt",1
"[P] ICML2020, NGBoost_ Natural Gradient Boosting for Probabilistic Predictions.txt",1
[P] Improving mulitclass classification accuracy with Jain's Fairness Index.txt,1
[P] Lace v0.6.0 - A Bayesian nonparametric tabular data analysis engine for rust and python.txt,1
[P] Make AI Robust and Trustworthy with CAPSA!.txt,1
[P] Neural Process Family (meta-learning+uncertainty estimates).txt,1
[P] Prediction model developed and validated - how to proceed_.txt,1
[P] Project Feedback Request_ Tackling Catastrophic Forgetting with a Modular LLM Approach (PEFT Router + CL).txt,1
[P] Project Feedback Request_ Tackling Catastrophic Forgetting with a Modular LLM Approach (PEFT Router + CL).txt,1
[P] Project Feedback Request_ Tackling Catastrophic Forgetting with a Modular LLM Approach (PEFT Router + CL).txt,1
[P] UQLM_ Uncertainty Quantification for Language Models.txt,1
[P] [D] How are you approaching prediction uncertainty in ML systems_.txt,1
[P] [D] Is inference time the important performance metric for ML Models on edge_mobile_.txt,1
"[P] 🚀 AWS launches Fortuna, an open-source library for Uncertainty Quantification.txt",1
[Research] Depth Uncertainty in Neural Networks.txt,1
[Research] Detecting Errors in Numerical Data via any Regression Model.txt,1
[Research] Instance-aware Image Colorization (CVPR 2020).txt,1
[R] A snapshot of few-shot classification.txt,1
[R] Accurate and interpretable modelling of conditional distributions (predicting densities) by decomposing joint distri.txt,1
[R] Announcing Confident Learning_ Finding and Learning with Label Errors in Datasets.txt,1
[R] Announcing Confident Learning_ Finding and Learning with Label Errors in Datasets.txt,1
"[R] azzurra-voice, a new State-of-the-Art Italian Text-to-Speech model.txt",1
[R] Bayesian Optimization-based Combinatorial Assignment.txt,1
"[R] Beating Baselines with Geometry_ Introducing GMC, a Fast and Well-Calibrated Classifier.txt",1
[R] Bootstrapped model learning and error correction for planning with uncertainty in model-based RL.txt,1
[R] Connections between Uncertainty Quantification and AI Alignment_.txt,1
[R] Consensus and uncertainty ML research- arXiv endorsement - is it actually possible without affiliation_.txt,1
[R] Decoding LLM Uncertainties for Better Predictability.txt,1
[R] DeepMind’s Epistemic Neural Networks Open New Avenues for Uncertainty Modelling in Large and Complex DL Systems.txt,1
[R] Diffusion might be a better way to model randomness in PPLs than Markov chain Monte Carlo or VI.txt,1
[R] Domain-Adaptive Object Detection via Uncertainty-Aware Distribution Alignment.txt,1
"[R] Fast, universal estimation of latent variable models using extended variational approximations.txt",1
[R] Forecasting_ theory and practice.txt,1
[R] Google Research’s Prediction Depth_ Understanding the Laws that Govern DL Data Processing.txt,1
[R] GP-BART_ a novel Bayesian additive regression trees approach using Gaussian processes.txt,1
[R] Grammars of Formal Uncertainty_ When to Trust LLMs in Automated Reasoning Tasks.txt,1
[R] Graph ML benchmarks and foundation models.txt,1
[R] Graph node binary classification_ Training set labels contain false negatives.txt,1
[R] Identifying Critical Decision Points in Neural Text Generation Through Token-Level Uncertainty Analysis.txt,1
[R] InfoSHAP_ Explaining Predictive Uncertainty with Information Theoretic Shapley Values.txt,1
[R] Introduction to Conformal Prediction and Distribution-Free Uncertainty Quantification - Link to a free online lectur.txt,0
[R] Investigation about neural networks and OOP.txt,1
[R] Investigation about neural networks and OOP.txt,1
[R] LangDiversity_ software to identify LLM errors.txt,1
[R] Master Thesis on Bayesian CNN using Variational Inference and Application using PyTorch.txt,1
[R] Model Learning with Personalized Interpretability Estimation.txt,1
[R] Neuro-symbolic Neurodegenerative Disease Modeling as Probabilistic Programmed Deep Kernels.txt,1
"[R] New paper_ LLMs don't have privileged self knowledge, which means we can efficiently train a General Correctness Mod.txt",1
"[R] New paper_ LLMs don't have privileged self knowledge, which means we can efficiently train a General Correctness Mod.txt",1
[R] PhD scholarship at Victoria University of Wellington in machine learning for Volcano forecasting.txt,0
[R] ProSelfLC_ Progressive Self Label Correction Towards A Low-Temperature Entropy State (v2).txt,1
[R] PyTorch Implementation of the Natural Posterior Network.txt,1
[R] Safe Reinforcement Learning with Model Uncertainty Estimates.txt,1
[R] The Functional Neural Process.txt,1
[R] Theoretical limitations of generalization bounds.txt,1
[R] Theoretical limitations of generalization bounds.txt,1
[R] What is the best method for model uncertainty_.txt,1
[R] What is the best way to quantify the trade off between model evidence and parameter uncertainty in the dynamic casua.txt,1
[R] What’s your suggestion for offline RL_.txt,1
[R] When an LLM is apprehensive about its answers -- and when its uncertainty is justified.txt,1
[R] Work In Progress_ A Drop In Replacement For Softmax With Uncertainty Calibrated Scores.txt,1
[R] Work in Progress_ Advanced Conformal Prediction – Practical Machine Learning with Distribution-Free Guarantees.txt,0
[R] “Evaluating Deepfake Detectors in the Wild”_ Fraudster Attacks (ICML 2025 Workshop paper).txt,1
[R] 📘 New Release_ _Practical Guide to Applied Conformal Prediction in Python_ - Master Uncertainty in ML!.txt,0
"“Good at practical ML, weak on theory” — getting the same feedback everywhere. How do I fix this_.txt",1
"“Good at practical ML, weak on theory” — getting the same feedback everywhere. How do I fix this_.txt",1
